Handle,Title,Body (HTML),Vendor,Type,Tags,Published,Option1 Name,Option1 Value,Variant SKU,Variant Price,Variant Inventory Tracker,Variant Inventory Qty,Variant Inventory Policy,Status
acc--patas-cromadas,nan: Patas Cromadas,Accesorio opcional de tipo nan proveniente de Magento.,Magento Import,,"accesorio-configurador, oculto",TRUE,Title,Default Title,ACC-PATAS-CROMADAS,13000.0,shopify,9999,deny,active
acc--brazos-plásticos-negros-con-pad-negro-revolution-20-21,nan: Brazos plásticos negros con Pad negro (Revolution 20-21),Accesorio opcional de tipo nan proveniente de Magento.,Magento Import,,"accesorio-configurador, oculto",TRUE,Title,Default Title,ACC-BRAZOS-PLÁSTICOS-NEGROS-CON-PAD-NEGRO-REVOLUTION-20-21,26000.0,shopify,9999,deny,active
acc--diametro-100-cm,nan: Diametro 100 CM,Accesorio opcional de tipo nan proveniente de Magento.,Magento Import,,"accesorio-configurador, oculto",TRUE,Title,Default Title,ACC-DIAMETRO-100-CM,25000.0,shopify,9999,deny,active
acc--3,nan: 3,Accesorio opcional de tipo nan proveniente de Magento.,Magento Import,,"accesorio-configurador, oculto",TRUE,Title,Default Title,ACC-3,101000.0,shopify,9999,deny,active
acc--4,nan: 4,Accesorio opcional de tipo nan proveniente de Magento.,Magento Import,,"accesorio-configurador, oculto",TRUE,Title,Default Title,ACC-4,202000.0,shopify,9999,deny,active
acc--5,nan: 5,Accesorio opcional de tipo nan proveniente de Magento.,Magento Import,,"accesorio-configurador, oculto",TRUE,Title,Default Title,ACC-5,320000.0,shopify,9999,deny,active
acc--3-cuerpos,nan: 3 Cuerpos,Accesorio opcional de tipo nan proveniente de Magento.,Magento Import,,"accesorio-configurador, oculto",TRUE,Title,Default Title,ACC-3-CUERPOS,138000.0,shopify,9999,deny,active
acc--4-cuerpos,nan: 4 Cuerpos,Accesorio opcional de tipo nan proveniente de Magento.,Magento Import,,"accesorio-configurador, oculto",TRUE,Title,Default Title,ACC-4-CUERPOS,280000.0,shopify,9999,deny,active
acc--5-cuerpos,nan: 5 Cuerpos,Accesorio opcional de tipo nan proveniente de Magento.,Magento Import,,"accesorio-configurador, oculto",TRUE,Title,Default Title,ACC-5-CUERPOS,422000.0,shopify,9999,deny,active
acc-accesorio-revistero,Accesorio: Revistero,Accesorio opcional de tipo Accesorio proveniente de Magento.,Magento Import,Accesorio,"accesorio-configurador, oculto",TRUE,Title,Default Title,ACC-REVISTERO,47000.0,shopify,9999,deny,active
acc--3,nan: 3,Accesorio opcional de tipo nan proveniente de Magento.,Magento Import,,"accesorio-configurador, oculto",TRUE,Title,Default Title,ACC-3,116000.0,shopify,9999,deny,active
acc--4,nan: 4,Accesorio opcional de tipo nan proveniente de Magento.,Magento Import,,"accesorio-configurador, oculto",TRUE,Title,Default Title,ACC-4,240000.0,shopify,9999,deny,active
acc--5,nan: 5,Accesorio opcional de tipo nan proveniente de Magento.,Magento Import,,"accesorio-configurador, oculto",TRUE,Title,Default Title,ACC-5,380000.0,shopify,9999,deny,active
acc--3-cuerpos,nan: 3 Cuerpos,Accesorio opcional de tipo nan proveniente de Magento.,Magento Import,,"accesorio-configurador, oculto",TRUE,Title,Default Title,ACC-3-CUERPOS,77000.0,shopify,9999,deny,active
acc--4-cuerpos,nan: 4 Cuerpos,Accesorio opcional de tipo nan proveniente de Magento.,Magento Import,,"accesorio-configurador, oculto",TRUE,Title,Default Title,ACC-4-CUERPOS,155000.0,shopify,9999,deny,active
acc--5-cuerpos,nan: 5 Cuerpos,Accesorio opcional de tipo nan proveniente de Magento.,Magento Import,,"accesorio-configurador, oculto",TRUE,Title,Default Title,ACC-5-CUERPOS,240000.0,shopify,9999,deny,active
acc--3-cuerpos,nan: 3 Cuerpos,Accesorio opcional de tipo nan proveniente de Magento.,Magento Import,,"accesorio-configurador, oculto",TRUE,Title,Default Title,ACC-3-CUERPOS,90000.0,shopify,9999,deny,active
acc--4-cuerpos,nan: 4 Cuerpos,Accesorio opcional de tipo nan proveniente de Magento.,Magento Import,,"accesorio-configurador, oculto",TRUE,Title,Default Title,ACC-4-CUERPOS,195000.0,shopify,9999,deny,active
acc--5-cuerpos,nan: 5 Cuerpos,Accesorio opcional de tipo nan proveniente de Magento.,Magento Import,,"accesorio-configurador, oculto",TRUE,Title,Default Title,ACC-5-CUERPOS,303000.0,shopify,9999,deny,active
acc-accesorios-par-brazos-aluminio-barnizado-negro-con-pad-negro,ACCESORIOS: Par Brazos aluminio barnizado negro con Pad Negro ,Accesorio opcional de tipo ACCESORIOS proveniente de Magento.,Magento Import,ACCESORIOS,"accesorio-configurador, oculto",TRUE,Title,Default Title,ACC-PAR-BRAZOS-ALUMINIO-BARNIZADO-NEGRO-CON-PAD-NEGRO,54000.0,shopify,9999,deny,active
acc--par-brazos-aluminio-pulido-pad-negro,nan: Par Brazos aluminio pulido Pad Negro,Accesorio opcional de tipo nan proveniente de Magento.,Magento Import,,"accesorio-configurador, oculto",TRUE,Title,Default Title,ACC-PAR-BRAZOS-ALUMINIO-PULIDO-PAD-NEGRO,72000.0,shopify,9999,deny,active
acc--par-brazos-aluminio-pulido-pad-blanco,nan: Par Brazos aluminio pulido Pad blanco,Accesorio opcional de tipo nan proveniente de Magento.,Magento Import,,"accesorio-configurador, oculto",TRUE,Title,Default Title,ACC-PAR-BRAZOS-ALUMINIO-PULIDO-PAD-BLANCO,93000.0,shopify,9999,deny,active
acc--revistero,nan: Revistero,Accesorio opcional de tipo nan proveniente de Magento.,Magento Import,,"accesorio-configurador, oculto",TRUE,Title,Default Title,ACC-REVISTERO,47000.0,shopify,9999,deny,active
acc--3-cuerpos,nan: 3 Cuerpos,Accesorio opcional de tipo nan proveniente de Magento.,Magento Import,,"accesorio-configurador, oculto",TRUE,Title,Default Title,ACC-3-CUERPOS,88000.0,shopify,9999,deny,active
acc--4-cuerpos,nan: 4 Cuerpos,Accesorio opcional de tipo nan proveniente de Magento.,Magento Import,,"accesorio-configurador, oculto",TRUE,Title,Default Title,ACC-4-CUERPOS,185000.0,shopify,9999,deny,active
acc--5-cuerpos,nan: 5 Cuerpos,Accesorio opcional de tipo nan proveniente de Magento.,Magento Import,,"accesorio-configurador, oculto",TRUE,Title,Default Title,ACC-5-CUERPOS,300000.0,shopify,9999,deny,active
acc--3,nan: 3,Accesorio opcional de tipo nan proveniente de Magento.,Magento Import,,"accesorio-configurador, oculto",TRUE,Title,Default Title,ACC-3,38000.0,shopify,9999,deny,active
acc--4,nan: 4,Accesorio opcional de tipo nan proveniente de Magento.,Magento Import,,"accesorio-configurador, oculto",TRUE,Title,Default Title,ACC-4,95000.0,shopify,9999,deny,active
acc--5,nan: 5,Accesorio opcional de tipo nan proveniente de Magento.,Magento Import,,"accesorio-configurador, oculto",TRUE,Title,Default Title,ACC-5,182000.0,shopify,9999,deny,active
acc--pata-luna-cromada,nan: Pata Luna Cromada,Accesorio opcional de tipo nan proveniente de Magento.,Magento Import,,"accesorio-configurador, oculto",TRUE,Title,Default Title,ACC-PATA-LUNA-CROMADA,34000.0,shopify,9999,deny,active
acc--3,nan: 3,Accesorio opcional de tipo nan proveniente de Magento.,Magento Import,,"accesorio-configurador, oculto",TRUE,Title,Default Title,ACC-3,66000.0,shopify,9999,deny,active
acc--4,nan: 4,Accesorio opcional de tipo nan proveniente de Magento.,Magento Import,,"accesorio-configurador, oculto",TRUE,Title,Default Title,ACC-4,99000.0,shopify,9999,deny,active
acc-tapiz-lavable-ecoclean-nordic-2-cuerpos,Tapiz Lavable Ecoclean: Nordic 2 Cuerpos,Accesorio opcional de tipo Tapiz Lavable Ecoclean proveniente de Magento.,Magento Import,Tapiz Lavable Ecoclean,"accesorio-configurador, oculto",TRUE,Title,Default Title,ACC-NORDIC-2-CUERPOS,40000.0,shopify,9999,deny,active
acc--nordic-3-cuerpos,nan: Nordic 3 Cuerpos,Accesorio opcional de tipo nan proveniente de Magento.,Magento Import,,"accesorio-configurador, oculto",TRUE,Title,Default Title,ACC-NORDIC-3-CUERPOS,60000.0,shopify,9999,deny,active
acc--nordic-4-cuerpos,nan: Nordic 4 Cuerpos,Accesorio opcional de tipo nan proveniente de Magento.,Magento Import,,"accesorio-configurador, oculto",TRUE,Title,Default Title,ACC-NORDIC-4-CUERPOS,80000.0,shopify,9999,deny,active
acc--4,nan: 4,Accesorio opcional de tipo nan proveniente de Magento.,Magento Import,,"accesorio-configurador, oculto",TRUE,Title,Default Title,ACC-4,211000.0,shopify,9999,deny,active
acc--5,nan: 5,Accesorio opcional de tipo nan proveniente de Magento.,Magento Import,,"accesorio-configurador, oculto",TRUE,Title,Default Title,ACC-5,327000.0,shopify,9999,deny,active
acc--3,nan: 3,Accesorio opcional de tipo nan proveniente de Magento.,Magento Import,,"accesorio-configurador, oculto",TRUE,Title,Default Title,ACC-3,111000.0,shopify,9999,deny,active
acc--4,nan: 4,Accesorio opcional de tipo nan proveniente de Magento.,Magento Import,,"accesorio-configurador, oculto",TRUE,Title,Default Title,ACC-4,232000.0,shopify,9999,deny,active
acc--5,nan: 5,Accesorio opcional de tipo nan proveniente de Magento.,Magento Import,,"accesorio-configurador, oculto",TRUE,Title,Default Title,ACC-5,360000.0,shopify,9999,deny,active
acc-accesorio-revistero,Accesorio: Revistero,Accesorio opcional de tipo Accesorio proveniente de Magento.,Magento Import,Accesorio,"accesorio-configurador, oculto",TRUE,Title,Default Title,ACC-REVISTERO,48500.0,shopify,9999,deny,active
acc--3,nan: 3,Accesorio opcional de tipo nan proveniente de Magento.,Magento Import,,"accesorio-configurador, oculto",TRUE,Title,Default Title,ACC-3,99000.0,shopify,9999,deny,active
acc--4,nan: 4,Accesorio opcional de tipo nan proveniente de Magento.,Magento Import,,"accesorio-configurador, oculto",TRUE,Title,Default Title,ACC-4,222000.0,shopify,9999,deny,active
acc--5,nan: 5,Accesorio opcional de tipo nan proveniente de Magento.,Magento Import,,"accesorio-configurador, oculto",TRUE,Title,Default Title,ACC-5,330000.0,shopify,9999,deny,active
acc--3,nan: 3,Accesorio opcional de tipo nan proveniente de Magento.,Magento Import,,"accesorio-configurador, oculto",TRUE,Title,Default Title,ACC-3,45000.0,shopify,9999,deny,active
acc--4,nan: 4,Accesorio opcional de tipo nan proveniente de Magento.,Magento Import,,"accesorio-configurador, oculto",TRUE,Title,Default Title,ACC-4,90000.0,shopify,9999,deny,active
acc--3,nan: 3,Accesorio opcional de tipo nan proveniente de Magento.,Magento Import,,"accesorio-configurador, oculto",TRUE,Title,Default Title,ACC-3,61000.0,shopify,9999,deny,active
acc--4,nan: 4,Accesorio opcional de tipo nan proveniente de Magento.,Magento Import,,"accesorio-configurador, oculto",TRUE,Title,Default Title,ACC-4,141000.0,shopify,9999,deny,active
acc--5,nan: 5,Accesorio opcional de tipo nan proveniente de Magento.,Magento Import,,"accesorio-configurador, oculto",TRUE,Title,Default Title,ACC-5,214000.0,shopify,9999,deny,active
acc--4-cuerpos,nan: 4 Cuerpos,Accesorio opcional de tipo nan proveniente de Magento.,Magento Import,,"accesorio-configurador, oculto",TRUE,Title,Default Title,ACC-4-CUERPOS,182000.0,shopify,9999,deny,active
acc--5-cuerpos,nan: 5 Cuerpos,Accesorio opcional de tipo nan proveniente de Magento.,Magento Import,,"accesorio-configurador, oculto",TRUE,Title,Default Title,ACC-5-CUERPOS,269000.0,shopify,9999,deny,active
acc--3-cuerpos,nan: 3 Cuerpos,Accesorio opcional de tipo nan proveniente de Magento.,Magento Import,,"accesorio-configurador, oculto",TRUE,Title,Default Title,ACC-3-CUERPOS,137000.0,shopify,9999,deny,active
acc-accesorios-patínes-negros-en-vez-de-ruedas,Accesorios: Patínes Negros en vez de ruedas,Accesorio opcional de tipo Accesorios proveniente de Magento.,Magento Import,Accesorios,"accesorio-configurador, oculto",TRUE,Title,Default Title,ACC-PATÍNES-NEGROS-EN-VEZ-DE-RUEDAS,9990.0,shopify,9999,deny,active
acc--ruedas-desmopán,nan: Ruedas Desmopán,Accesorio opcional de tipo nan proveniente de Magento.,Magento Import,,"accesorio-configurador, oculto",TRUE,Title,Default Title,ACC-RUEDAS-DESMOPÁN,8430.0,shopify,9999,deny,active
acc--aro-cromado,nan: Aro Cromado,Accesorio opcional de tipo nan proveniente de Magento.,Magento Import,,"accesorio-configurador, oculto",TRUE,Title,Default Title,ACC-ARO-CROMADO,9000.0,shopify,9999,deny,active
acc--brazos-regulables,nan: Brazos Regulables ,Accesorio opcional de tipo nan proveniente de Magento.,Magento Import,,"accesorio-configurador, oculto",TRUE,Title,Default Title,ACC-BRAZOS-REGULABLES,25000.0,shopify,9999,deny,active
acc--aro-cromado,nan: Aro Cromado,Accesorio opcional de tipo nan proveniente de Magento.,Magento Import,,"accesorio-configurador, oculto",TRUE,Title,Default Title,ACC-ARO-CROMADO,13000.0,shopify,9999,deny,active
acc--nordic,nan: Nordic,Accesorio opcional de tipo nan proveniente de Magento.,Magento Import,,"accesorio-configurador, oculto",TRUE,Title,Default Title,ACC-NORDIC,17000.0,shopify,9999,deny,active
acc--brazos-fijo-pp,nan: Brazos fijo PP,Accesorio opcional de tipo nan proveniente de Magento.,Magento Import,,"accesorio-configurador, oculto",TRUE,Title,Default Title,ACC-BRAZOS-FIJO-PP,10000.0,shopify,9999,deny,active
acc--brazos-regulables-fritz-en-pp,nan: Brazos Regulables Fritz en PP,Accesorio opcional de tipo nan proveniente de Magento.,Magento Import,,"accesorio-configurador, oculto",TRUE,Title,Default Title,ACC-BRAZOS-REGULABLES-FRITZ-EN-PP,20000.0,shopify,9999,deny,active
acc-opcional-aro-cromado,Opcional: Aro cromado,Accesorio opcional de tipo Opcional proveniente de Magento.,Magento Import,Opcional,"accesorio-configurador, oculto",TRUE,Title,Default Title,ACC-ARO-CROMADO,16000.0,shopify,9999,deny,active
acc--ruedas-desmopan-50mm-para-piso-flotante,nan: Ruedas Desmopan 50mm (Para Piso Flotante),Accesorio opcional de tipo nan proveniente de Magento.,Magento Import,,"accesorio-configurador, oculto",TRUE,Title,Default Title,ACC-RUEDAS-DESMOPAN-50MM-PARA-PISO-FLOTANTE,13350.0,shopify,9999,deny,active
acc--nordic,nan: Nordic,Accesorio opcional de tipo nan proveniente de Magento.,Magento Import,,"accesorio-configurador, oculto",TRUE,Title,Default Title,ACC-NORDIC,34000.0,shopify,9999,deny,active
acc-accesorios-patín-negro,Accesorios: Patín Negro,Accesorio opcional de tipo Accesorios proveniente de Magento.,Magento Import,Accesorios,"accesorio-configurador, oculto",TRUE,Title,Default Title,ACC-PATÍN-NEGRO,8000.0,shopify,9999,deny,active
acc--brazo-regulable,nan: Brazo Regulable ,Accesorio opcional de tipo nan proveniente de Magento.,Magento Import,,"accesorio-configurador, oculto",TRUE,Title,Default Title,ACC-BRAZO-REGULABLE,25000.0,shopify,9999,deny,active
acc--brazos-fijos-golf-pp,nan: Brazos Fijos Golf PP,Accesorio opcional de tipo nan proveniente de Magento.,Magento Import,,"accesorio-configurador, oculto",TRUE,Title,Default Title,ACC-BRAZOS-FIJOS-GOLF-PP,10000.0,shopify,9999,deny,active
acc--brazos-regulables-fritz-en-pp,nan: Brazos Regulables Fritz en PP,Accesorio opcional de tipo nan proveniente de Magento.,Magento Import,,"accesorio-configurador, oculto",TRUE,Title,Default Title,ACC-BRAZOS-REGULABLES-FRITZ-EN-PP,18000.0,shopify,9999,deny,active
acc--brazos-regulables-2d-pu,nan: Brazos Regulables 2D PU,Accesorio opcional de tipo nan proveniente de Magento.,Magento Import,,"accesorio-configurador, oculto",TRUE,Title,Default Title,ACC-BRAZOS-REGULABLES-2D-PU,25000.0,shopify,9999,deny,active
acc-opcional-ruedas-desmopan-50mm,Opcional: Ruedas Desmopan 50mm,Accesorio opcional de tipo Opcional proveniente de Magento.,Magento Import,Opcional,"accesorio-configurador, oculto",TRUE,Title,Default Title,ACC-RUEDAS-DESMOPAN-50MM,12900.0,shopify,9999,deny,active
acc--pata-cromada,nan: Pata Cromada,Accesorio opcional de tipo nan proveniente de Magento.,Magento Import,,"accesorio-configurador, oculto",TRUE,Title,Default Title,ACC-PATA-CROMADA,9000.0,shopify,9999,deny,active
acc--pata-cromada,nan: Pata Cromada,Accesorio opcional de tipo nan proveniente de Magento.,Magento Import,,"accesorio-configurador, oculto",TRUE,Title,Default Title,ACC-PATA-CROMADA,13000.0,shopify,9999,deny,active
acc-brazo-incluir-brazo-opuesto-a-paleta,Brazo: Incluir Brazo Opuesto a Paleta,Accesorio opcional de tipo Brazo proveniente de Magento.,Magento Import,Brazo,"accesorio-configurador, oculto",TRUE,Title,Default Title,ACC-INCLUIR-BRAZO-OPUESTO-A-PALETA,17000.0,shopify,9999,deny,active
acc--pata-color-gris,nan: Pata Color Gris ,Accesorio opcional de tipo nan proveniente de Magento.,Magento Import,,"accesorio-configurador, oculto",TRUE,Title,Default Title,ACC-PATA-COLOR-GRIS,11200.0,shopify,9999,deny,active
acc--pata-cromada,nan: Pata Cromada,Accesorio opcional de tipo nan proveniente de Magento.,Magento Import,,"accesorio-configurador, oculto",TRUE,Title,Default Title,ACC-PATA-CROMADA,11200.0,shopify,9999,deny,active
acc--patas-trineo-cromado,nan: Patas Trineo Cromado,Accesorio opcional de tipo nan proveniente de Magento.,Magento Import,,"accesorio-configurador, oculto",TRUE,Title,Default Title,ACC-PATAS-TRINEO-CROMADO,46400.0,shopify,9999,deny,active
acc--2-cuerpo,nan: 2 Cuerpo,Accesorio opcional de tipo nan proveniente de Magento.,Magento Import,,"accesorio-configurador, oculto",TRUE,Title,Default Title,ACC-2-CUERPO,113000.0,shopify,9999,deny,active
acc--3-cuerpo,nan: 3 Cuerpo,Accesorio opcional de tipo nan proveniente de Magento.,Magento Import,,"accesorio-configurador, oculto",TRUE,Title,Default Title,ACC-3-CUERPO,230000.0,shopify,9999,deny,active
acc--2-cuerpo,nan: 2 Cuerpo,Accesorio opcional de tipo nan proveniente de Magento.,Magento Import,,"accesorio-configurador, oculto",TRUE,Title,Default Title,ACC-2-CUERPO,309900.0,shopify,9999,deny,active
acc--3-cuerpo,nan: 3 Cuerpo,Accesorio opcional de tipo nan proveniente de Magento.,Magento Import,,"accesorio-configurador, oculto",TRUE,Title,Default Title,ACC-3-CUERPO,440800.0,shopify,9999,deny,active
acc-tapiz-ecoclean-lavable-antimancha-para-1-cuerpo,Tapiz: Ecoclean Lavable Antimancha para 1 cuerpo,Accesorio opcional de tipo Tapiz proveniente de Magento.,Magento Import,Tapiz,"accesorio-configurador, oculto",TRUE,Title,Default Title,ACC-ECOCLEAN-LAVABLE-ANTIMANCHA-PARA-1-CUERPO,128800.0,shopify,9999,deny,active
acc--ecoclean-lavable-antimancha-para-2-cuerpos,nan: Ecoclean Lavable Antimancha para 2 cuerpos,Accesorio opcional de tipo nan proveniente de Magento.,Magento Import,,"accesorio-configurador, oculto",TRUE,Title,Default Title,ACC-ECOCLEAN-LAVABLE-ANTIMANCHA-PARA-2-CUERPOS,199300.0,shopify,9999,deny,active
acc--ecoclean-lavable-antimancha-para-3-cuerpos,nan: Ecoclean Lavable Antimancha para 3 cuerpos,Accesorio opcional de tipo nan proveniente de Magento.,Magento Import,,"accesorio-configurador, oculto",TRUE,Title,Default Title,ACC-ECOCLEAN-LAVABLE-ANTIMANCHA-PARA-3-CUERPOS,248000.0,shopify,9999,deny,active
acc--2-cuerpos,nan: 2 Cuerpos,Accesorio opcional de tipo nan proveniente de Magento.,Magento Import,,"accesorio-configurador, oculto",TRUE,Title,Default Title,ACC-2-CUERPOS,99000.0,shopify,9999,deny,active
acc--3-cuerpos,nan: 3 Cuerpos,Accesorio opcional de tipo nan proveniente de Magento.,Magento Import,,"accesorio-configurador, oculto",TRUE,Title,Default Title,ACC-3-CUERPOS,222000.0,shopify,9999,deny,active
acc--par-de-brazos-iso,nan: Par de Brazos Iso,Accesorio opcional de tipo nan proveniente de Magento.,Magento Import,,"accesorio-configurador, oculto",TRUE,Title,Default Title,ACC-PAR-DE-BRAZOS-ISO,17080.0,shopify,9999,deny,active
acc--estructura-gris,nan: Estructura Gris ,Accesorio opcional de tipo nan proveniente de Magento.,Magento Import,,"accesorio-configurador, oculto",TRUE,Title,Default Title,ACC-ESTRUCTURA-GRIS,2990.0,shopify,9999,deny,active
acc--estructura-cromada,nan: Estructura Cromada,Accesorio opcional de tipo nan proveniente de Magento.,Magento Import,,"accesorio-configurador, oculto",TRUE,Title,Default Title,ACC-ESTRUCTURA-CROMADA,8990.0,shopify,9999,deny,active
acc--par-de-brazos,nan: Par de Brazos ,Accesorio opcional de tipo nan proveniente de Magento.,Magento Import,,"accesorio-configurador, oculto",TRUE,Title,Default Title,ACC-PAR-DE-BRAZOS,16600.0,shopify,9999,deny,active
acc--patas-cromadas,nan: Patas Cromadas,Accesorio opcional de tipo nan proveniente de Magento.,Magento Import,,"accesorio-configurador, oculto",TRUE,Title,Default Title,ACC-PATAS-CROMADAS,9000.0,shopify,9999,deny,active
acc--estructura-trineo-cromado,nan: Estructura Trineo Cromado,Accesorio opcional de tipo nan proveniente de Magento.,Magento Import,,"accesorio-configurador, oculto",TRUE,Title,Default Title,ACC-ESTRUCTURA-TRINEO-CROMADO,40000.0,shopify,9999,deny,active
acc--par-brazos-iso,nan: Par Brazos Iso,Accesorio opcional de tipo nan proveniente de Magento.,Magento Import,,"accesorio-configurador, oculto",TRUE,Title,Default Title,ACC-PAR-BRAZOS-ISO,17080.0,shopify,9999,deny,active
acc-opcional-cabecero,Opcional: Cabecero ,Accesorio opcional de tipo Opcional proveniente de Magento.,Magento Import,Opcional,"accesorio-configurador, oculto",TRUE,Title,Default Title,ACC-CABECERO,20000.0,shopify,9999,deny,active
acc--base-cromada,nan: Base Cromada,Accesorio opcional de tipo nan proveniente de Magento.,Magento Import,,"accesorio-configurador, oculto",TRUE,Title,Default Title,ACC-BASE-CROMADA,22000.0,shopify,9999,deny,active
acc--base-aluminio,nan: Base Aluminio,Accesorio opcional de tipo nan proveniente de Magento.,Magento Import,,"accesorio-configurador, oculto",TRUE,Title,Default Title,ACC-BASE-ALUMINIO,33000.0,shopify,9999,deny,active
acc-opcional-cabecero,Opcional: Cabecero,Accesorio opcional de tipo Opcional proveniente de Magento.,Magento Import,Opcional,"accesorio-configurador, oculto",TRUE,Title,Default Title,ACC-CABECERO,18000.0,shopify,9999,deny,active
acc--base-cromada,nan: Base cromada ,Accesorio opcional de tipo nan proveniente de Magento.,Magento Import,,"accesorio-configurador, oculto",TRUE,Title,Default Title,ACC-BASE-CROMADA,22000.0,shopify,9999,deny,active
acc-opcional-cabecero,Opcional: Cabecero,Accesorio opcional de tipo Opcional proveniente de Magento.,Magento Import,Opcional,"accesorio-configurador, oculto",TRUE,Title,Default Title,ACC-CABECERO,22500.0,shopify,9999,deny,active
acc--base-cromada,nan: Base cromada ,Accesorio opcional de tipo nan proveniente de Magento.,Magento Import,,"accesorio-configurador, oculto",TRUE,Title,Default Title,ACC-BASE-CROMADA,32100.0,shopify,9999,deny,active
acc--base-cromada,nan: Base Cromada,Accesorio opcional de tipo nan proveniente de Magento.,Magento Import,,"accesorio-configurador, oculto",TRUE,Title,Default Title,ACC-BASE-CROMADA,32000.0,shopify,9999,deny,active
acc--base-aluminio,nan: Base Aluminio,Accesorio opcional de tipo nan proveniente de Magento.,Magento Import,,"accesorio-configurador, oculto",TRUE,Title,Default Title,ACC-BASE-ALUMINIO,46600.0,shopify,9999,deny,active
acc--brazo-regulable,nan: Brazo Regulable ,Accesorio opcional de tipo nan proveniente de Magento.,Magento Import,,"accesorio-configurador, oculto",TRUE,Title,Default Title,ACC-BRAZO-REGULABLE,26000.0,shopify,9999,deny,active
acc-opcional-cabecero,Opcional: Cabecero,Accesorio opcional de tipo Opcional proveniente de Magento.,Magento Import,Opcional,"accesorio-configurador, oculto",TRUE,Title,Default Title,ACC-CABECERO,16000.0,shopify,9999,deny,active
acc--base-cromada-600,nan: Base Cromada 600,Accesorio opcional de tipo nan proveniente de Magento.,Magento Import,,"accesorio-configurador, oculto",TRUE,Title,Default Title,ACC-BASE-CROMADA-600,22000.0,shopify,9999,deny,active
acc-accesorio-base-aluminio,Accesorio: Base Aluminio,Accesorio opcional de tipo Accesorio proveniente de Magento.,Magento Import,Accesorio,"accesorio-configurador, oculto",TRUE,Title,Default Title,ACC-BASE-ALUMINIO,38000.0,shopify,9999,deny,active
acc--ruedas-desmopan-para-piso-flotante,nan: Ruedas Desmopan (Para Piso Flotante),Accesorio opcional de tipo nan proveniente de Magento.,Magento Import,,"accesorio-configurador, oculto",TRUE,Title,Default Title,ACC-RUEDAS-DESMOPAN-PARA-PISO-FLOTANTE,11000.0,shopify,9999,deny,active
acc--desplazador-de-asiento-en-profundidad,nan: Desplazador de Asiento en Profundidad,Accesorio opcional de tipo nan proveniente de Magento.,Magento Import,,"accesorio-configurador, oculto",TRUE,Title,Default Title,ACC-DESPLAZADOR-DE-ASIENTO-EN-PROFUNDIDAD,16000.0,shopify,9999,deny,active
acc--base-aluminio,nan: Base Aluminio,Accesorio opcional de tipo nan proveniente de Magento.,Magento Import,,"accesorio-configurador, oculto",TRUE,Title,Default Title,ACC-BASE-ALUMINIO,38000.0,shopify,9999,deny,active
acc--brazos-regulables-3d-pu,nan: Brazos Regulables 3D PU,Accesorio opcional de tipo nan proveniente de Magento.,Magento Import,,"accesorio-configurador, oculto",TRUE,Title,Default Title,ACC-BRAZOS-REGULABLES-3D-PU,22000.0,shopify,9999,deny,active
acc-opcional-ruedas-desmopan-para-piso-flotante,Opcional: Ruedas Desmopan (Para Piso Flotante),Accesorio opcional de tipo Opcional proveniente de Magento.,Magento Import,Opcional,"accesorio-configurador, oculto",TRUE,Title,Default Title,ACC-RUEDAS-DESMOPAN-PARA-PISO-FLOTANTE,11000.0,shopify,9999,deny,active
acc--desplazador-de-asiento,nan: Desplazador de Asiento,Accesorio opcional de tipo nan proveniente de Magento.,Magento Import,,"accesorio-configurador, oculto",TRUE,Title,Default Title,ACC-DESPLAZADOR-DE-ASIENTO,20000.0,shopify,9999,deny,active
acc--cabecero,nan: Cabecero,Accesorio opcional de tipo nan proveniente de Magento.,Magento Import,,"accesorio-configurador, oculto",TRUE,Title,Default Title,ACC-CABECERO,38000.0,shopify,9999,deny,active
acc--eco-clean,nan: Eco Clean,Accesorio opcional de tipo nan proveniente de Magento.,Magento Import,,"accesorio-configurador, oculto",TRUE,Title,Default Title,ACC-ECO-CLEAN,22000.0,shopify,9999,deny,active
acc--base-aluminio,nan: Base Aluminio ,Accesorio opcional de tipo nan proveniente de Magento.,Magento Import,,"accesorio-configurador, oculto",TRUE,Title,Default Title,ACC-BASE-ALUMINIO,33000.0,shopify,9999,deny,active
acc-opcional-mecanismo-4-posiciones-de-bloqueo,Opcional: Mecanismo 4 posiciones de bloqueo,Accesorio opcional de tipo Opcional proveniente de Magento.,Magento Import,Opcional,"accesorio-configurador, oculto",TRUE,Title,Default Title,ACC-MECANISMO-4-POSICIONES-DE-BLOQUEO,9000.0,shopify,9999,deny,active
acc--ruedas-desmopan-50mm-para-piso-flotante,nan: Ruedas Desmopan 50mm (Para Piso Flotante),Accesorio opcional de tipo nan proveniente de Magento.,Magento Import,,"accesorio-configurador, oculto",TRUE,Title,Default Title,ACC-RUEDAS-DESMOPAN-50MM-PARA-PISO-FLOTANTE,13500.0,shopify,9999,deny,active
acc--cabecero,nan: Cabecero,Accesorio opcional de tipo nan proveniente de Magento.,Magento Import,,"accesorio-configurador, oculto",TRUE,Title,Default Title,ACC-CABECERO,33000.0,shopify,9999,deny,active
acc--brazo-regulable-3d-pu,nan: Brazo Regulable 3D PU,Accesorio opcional de tipo nan proveniente de Magento.,Magento Import,,"accesorio-configurador, oculto",TRUE,Title,Default Title,ACC-BRAZO-REGULABLE-3D-PU,15000.0,shopify,9999,deny,active
acc--c-soft,nan: C-Soft,Accesorio opcional de tipo nan proveniente de Magento.,Magento Import,,"accesorio-configurador, oculto",TRUE,Title,Default Title,ACC-C-SOFT,17000.0,shopify,9999,deny,active
acc-patas-base-aluminio,Patas: Base Aluminio ,Accesorio opcional de tipo Patas proveniente de Magento.,Magento Import,Patas,"accesorio-configurador, oculto",TRUE,Title,Default Title,ACC-BASE-ALUMINIO,38000.0,shopify,9999,deny,active
acc--brazos-regulables-en-3d-pu,nan: Brazos Regulables en 3D PU,Accesorio opcional de tipo nan proveniente de Magento.,Magento Import,,"accesorio-configurador, oculto",TRUE,Title,Default Title,ACC-BRAZOS-REGULABLES-EN-3D-PU,15000.0,shopify,9999,deny,active
acc-opcionales-mecanismo-con-4-posiciones-de-bloqueo,OPCIONALES: Mecanismo con 4 Posiciones de Bloqueo,Accesorio opcional de tipo OPCIONALES proveniente de Magento.,Magento Import,OPCIONALES,"accesorio-configurador, oculto",TRUE,Title,Default Title,ACC-MECANISMO-CON-4-POSICIONES-DE-BLOQUEO,10000.0,shopify,9999,deny,active
acc--ruedas-desmopan-goma-65mm-para-piso-flotante,nan: Ruedas Desmopan Goma 65mm (Para Piso Flotante),Accesorio opcional de tipo nan proveniente de Magento.,Magento Import,,"accesorio-configurador, oculto",TRUE,Title,Default Title,ACC-RUEDAS-DESMOPAN-GOMA-65MM-PARA-PISO-FLOTANTE,11000.0,shopify,9999,deny,active
acc--c-soft,nan: C-Soft,Accesorio opcional de tipo nan proveniente de Magento.,Magento Import,,"accesorio-configurador, oculto",TRUE,Title,Default Title,ACC-C-SOFT,20000.0,shopify,9999,deny,active
acc--base-cromada,nan: Base cromada ,Accesorio opcional de tipo nan proveniente de Magento.,Magento Import,,"accesorio-configurador, oculto",TRUE,Title,Default Title,ACC-BASE-CROMADA,21100.0,shopify,9999,deny,active
acc--brazo-regulable-en-pp,nan: Brazo Regulable en PP,Accesorio opcional de tipo nan proveniente de Magento.,Magento Import,,"accesorio-configurador, oculto",TRUE,Title,Default Title,ACC-BRAZO-REGULABLE-EN-PP,15000.0,shopify,9999,deny,active
acc--brazo-regulable-2d,nan: Brazo Regulable 2D,Accesorio opcional de tipo nan proveniente de Magento.,Magento Import,,"accesorio-configurador, oculto",TRUE,Title,Default Title,ACC-BRAZO-REGULABLE-2D,22000.0,shopify,9999,deny,active
acc-opcional-desplazador-de-asiento,Opcional: Desplazador de Asiento,Accesorio opcional de tipo Opcional proveniente de Magento.,Magento Import,Opcional,"accesorio-configurador, oculto",TRUE,Title,Default Title,ACC-DESPLAZADOR-DE-ASIENTO,20000.0,shopify,9999,deny,active
acc--mecanismo-con-4-posiciones-de-bloqueo,nan: Mecanismo con 4 Posiciones de Bloqueo,Accesorio opcional de tipo nan proveniente de Magento.,Magento Import,,"accesorio-configurador, oculto",TRUE,Title,Default Title,ACC-MECANISMO-CON-4-POSICIONES-DE-BLOQUEO,10000.0,shopify,9999,deny,active
acc--ruedas-desmopán-50-mm-para-piso-flotante,nan: Ruedas Desmopán 50 mm (Para Piso Flotante),Accesorio opcional de tipo nan proveniente de Magento.,Magento Import,,"accesorio-configurador, oculto",TRUE,Title,Default Title,ACC-RUEDAS-DESMOPÁN-50-MM-PARA-PISO-FLOTANTE,11000.0,shopify,9999,deny,active
acc--base-cromada,nan: Base Cromada,Accesorio opcional de tipo nan proveniente de Magento.,Magento Import,,"accesorio-configurador, oculto",TRUE,Title,Default Title,ACC-BASE-CROMADA,11250.0,shopify,9999,deny,active
acc--brazos-regulables-fritz-pp,nan: Brazos Regulables Fritz PP,Accesorio opcional de tipo nan proveniente de Magento.,Magento Import,,"accesorio-configurador, oculto",TRUE,Title,Default Title,ACC-BRAZOS-REGULABLES-FRITZ-PP,25000.0,shopify,9999,deny,active
acc--brazos-regulables-vento-en-pu,nan: Brazos Regulables Vento en PU,Accesorio opcional de tipo nan proveniente de Magento.,Magento Import,,"accesorio-configurador, oculto",TRUE,Title,Default Title,ACC-BRAZOS-REGULABLES-VENTO-EN-PU,25000.0,shopify,9999,deny,active
acc--base-cromada,nan: Base Cromada,Accesorio opcional de tipo nan proveniente de Magento.,Magento Import,,"accesorio-configurador, oculto",TRUE,Title,Default Title,ACC-BASE-CROMADA,11350.0,shopify,9999,deny,active
acc--brazos-regulables-en-tpu,nan: Brazos Regulables en TPU,Accesorio opcional de tipo nan proveniente de Magento.,Magento Import,,"accesorio-configurador, oculto",TRUE,Title,Default Title,ACC-BRAZOS-REGULABLES-EN-TPU,25000.0,shopify,9999,deny,active
acc--base-cromada,nan: Base Cromada,Accesorio opcional de tipo nan proveniente de Magento.,Magento Import,,"accesorio-configurador, oculto",TRUE,Title,Default Title,ACC-BASE-CROMADA,15000.0,shopify,9999,deny,active
acc--brazos-regulables-fritz-pp,nan: Brazos Regulables Fritz PP,Accesorio opcional de tipo nan proveniente de Magento.,Magento Import,,"accesorio-configurador, oculto",TRUE,Title,Default Title,ACC-BRAZOS-REGULABLES-FRITZ-PP,10000.0,shopify,9999,deny,active
acc--brazos-regulables-2d-tpu,nan: Brazos Regulables 2D  TPU,Accesorio opcional de tipo nan proveniente de Magento.,Magento Import,,"accesorio-configurador, oculto",TRUE,Title,Default Title,ACC-BRAZOS-REGULABLES-2D-TPU,20000.0,shopify,9999,deny,active
acc--nordic,nan: Nordic,Accesorio opcional de tipo nan proveniente de Magento.,Magento Import,,"accesorio-configurador, oculto",TRUE,Title,Default Title,ACC-NORDIC,33000.0,shopify,9999,deny,active
acc-opcionales-ruedas-desmopan,OPCIONALES : Ruedas Desmopan ,Accesorio opcional de tipo OPCIONALES  proveniente de Magento.,Magento Import,OPCIONALES ,"accesorio-configurador, oculto",TRUE,Title,Default Title,ACC-RUEDAS-DESMOPAN,11000.0,shopify,9999,deny,active
acc--brazos-regulables-2d-tpu,nan: Brazos Regulables 2D TPU,Accesorio opcional de tipo nan proveniente de Magento.,Magento Import,,"accesorio-configurador, oculto",TRUE,Title,Default Title,ACC-BRAZOS-REGULABLES-2D-TPU,20000.0,shopify,9999,deny,active
acc--brazo-regulable,nan: Brazo Regulable ,Accesorio opcional de tipo nan proveniente de Magento.,Magento Import,,"accesorio-configurador, oculto",TRUE,Title,Default Title,ACC-BRAZO-REGULABLE,23000.0,shopify,9999,deny,active
acc--brazo-regulable,nan: Brazo Regulable,Accesorio opcional de tipo nan proveniente de Magento.,Magento Import,,"accesorio-configurador, oculto",TRUE,Title,Default Title,ACC-BRAZO-REGULABLE,26000.0,shopify,9999,deny,active
acc--alto,nan: Alto,Accesorio opcional de tipo nan proveniente de Magento.,Magento Import,,"accesorio-configurador, oculto",TRUE,Title,Default Title,ACC-ALTO,7250.0,shopify,9999,deny,active
acc-opcional-ruedas-desmopan-50mm,Opcional: Ruedas Desmopan 50mm,Accesorio opcional de tipo Opcional proveniente de Magento.,Magento Import,Opcional,"accesorio-configurador, oculto",TRUE,Title,Default Title,ACC-RUEDAS-DESMOPAN-50MM,4918.0,shopify,9999,deny,active
acc--base-cromada,nan: Base Cromada,Accesorio opcional de tipo nan proveniente de Magento.,Magento Import,,"accesorio-configurador, oculto",TRUE,Title,Default Title,ACC-BASE-CROMADA,26700.0,shopify,9999,deny,active
acc--base-aluminio,nan: Base Aluminio,Accesorio opcional de tipo nan proveniente de Magento.,Magento Import,,"accesorio-configurador, oculto",TRUE,Title,Default Title,ACC-BASE-ALUMINIO,55500.0,shopify,9999,deny,active
acc--brazo-fijo-brc-24,nan: Brazo Fijo BRC 24,Accesorio opcional de tipo nan proveniente de Magento.,Magento Import,,"accesorio-configurador, oculto",TRUE,Title,Default Title,ACC-BRAZO-FIJO-BRC-24,17700.0,shopify,9999,deny,active
acc--brazo-regulable-brc-28-pp-estructura-negra,nan: Brazo Regulable BRC 28 PP Estructura Negra,Accesorio opcional de tipo nan proveniente de Magento.,Magento Import,,"accesorio-configurador, oculto",TRUE,Title,Default Title,ACC-BRAZO-REGULABLE-BRC-28-PP-ESTRUCTURA-NEGRA,25500.0,shopify,9999,deny,active
acc--brazo-regulable-brc-19-cr-estructura-aluminio,nan: Brazo Regulable BRC 19 CR Estructura Aluminio,Accesorio opcional de tipo nan proveniente de Magento.,Magento Import,,"accesorio-configurador, oculto",TRUE,Title,Default Title,ACC-BRAZO-REGULABLE-BRC-19-CR-ESTRUCTURA-ALUMINIO,40000.0,shopify,9999,deny,active
acc--brazo-regulable,nan: Brazo Regulable,Accesorio opcional de tipo nan proveniente de Magento.,Magento Import,,"accesorio-configurador, oculto",TRUE,Title,Default Title,ACC-BRAZO-REGULABLE,23000.0,shopify,9999,deny,active
acc--brazos-fijos-golf,nan: Brazos fijos Golf,Accesorio opcional de tipo nan proveniente de Magento.,Magento Import,,"accesorio-configurador, oculto",TRUE,Title,Default Title,ACC-BRAZOS-FIJOS-GOLF,10000.0,shopify,9999,deny,active
acc--brazos-regulables-fritz-en-pp,nan: Brazos regulables fritz en PP ,Accesorio opcional de tipo nan proveniente de Magento.,Magento Import,,"accesorio-configurador, oculto",TRUE,Title,Default Title,ACC-BRAZOS-REGULABLES-FRITZ-EN-PP,20000.0,shopify,9999,deny,active
acc--brazos-regulables-2d-en-pu,nan: Brazos regulables 2D en PU ,Accesorio opcional de tipo nan proveniente de Magento.,Magento Import,,"accesorio-configurador, oculto",TRUE,Title,Default Title,ACC-BRAZOS-REGULABLES-2D-EN-PU,25000.0,shopify,9999,deny,active
acc-patas-base-cromada,Patas : Base cromada ,Accesorio opcional de tipo Patas  proveniente de Magento.,Magento Import,Patas ,"accesorio-configurador, oculto",TRUE,Title,Default Title,ACC-BASE-CROMADA,20000.0,shopify,9999,deny,active
acc--base-cromada,nan: Base Cromada,Accesorio opcional de tipo nan proveniente de Magento.,Magento Import,,"accesorio-configurador, oculto",TRUE,Title,Default Title,ACC-BASE-CROMADA,20000.0,shopify,9999,deny,active
acc--brazos-regulables-fritz-pp,nan: Brazos Regulables Fritz PP,Accesorio opcional de tipo nan proveniente de Magento.,Magento Import,,"accesorio-configurador, oculto",TRUE,Title,Default Title,ACC-BRAZOS-REGULABLES-FRITZ-PP,20000.0,shopify,9999,deny,active
acc--brazos-fijos-pp,nan: Brazos Fijos PP,Accesorio opcional de tipo nan proveniente de Magento.,Magento Import,,"accesorio-configurador, oculto",TRUE,Title,Default Title,ACC-BRAZOS-FIJOS-PP,10000.0,shopify,9999,deny,active
acc--brazos-regulables-pp,nan: Brazos Regulables PP,Accesorio opcional de tipo nan proveniente de Magento.,Magento Import,,"accesorio-configurador, oculto",TRUE,Title,Default Title,ACC-BRAZOS-REGULABLES-PP,20000.0,shopify,9999,deny,active
acc--brazos-fijos,nan: Brazos Fijos ,Accesorio opcional de tipo nan proveniente de Magento.,Magento Import,,"accesorio-configurador, oculto",TRUE,Title,Default Title,ACC-BRAZOS-FIJOS,16600.0,shopify,9999,deny,active
acc--brazos-fijos,nan: Brazos Fijos  ,Accesorio opcional de tipo nan proveniente de Magento.,Magento Import,,"accesorio-configurador, oculto",TRUE,Title,Default Title,ACC-BRAZOS-FIJOS,16600.0,shopify,9999,deny,active
acc--brazos-fijos,nan: Brazos Fijos,Accesorio opcional de tipo nan proveniente de Magento.,Magento Import,,"accesorio-configurador, oculto",TRUE,Title,Default Title,ACC-BRAZOS-FIJOS,16600.0,shopify,9999,deny,active
acc--brazos-fijos,nan: Brazos Fijos,Accesorio opcional de tipo nan proveniente de Magento.,Magento Import,,"accesorio-configurador, oculto",TRUE,Title,Default Title,ACC-BRAZOS-FIJOS,17000.0,shopify,9999,deny,active
acc--eco-clean,nan: Eco Clean,Accesorio opcional de tipo nan proveniente de Magento.,Magento Import,,"accesorio-configurador, oculto",TRUE,Title,Default Title,ACC-ECO-CLEAN,17000.0,shopify,9999,deny,active
acc--trineo-cromado,nan: Trineo cromado,Accesorio opcional de tipo nan proveniente de Magento.,Magento Import,,"accesorio-configurador, oculto",TRUE,Title,Default Title,ACC-TRINEO-CROMADO,6000.0,shopify,9999,deny,active
acc--brazos-plásticos-negros-con-pad-negro,nan: Brazos Plásticos Negros con Pad Negro,Accesorio opcional de tipo nan proveniente de Magento.,Magento Import,,"accesorio-configurador, oculto",TRUE,Title,Default Title,ACC-BRAZOS-PLÁSTICOS-NEGROS-CON-PAD-NEGRO,26000.0,shopify,9999,deny,active
acc--patas-grises,nan: Patas Grises   ,Accesorio opcional de tipo nan proveniente de Magento.,Magento Import,,"accesorio-configurador, oculto",TRUE,Title,Default Title,ACC-PATAS-GRISES,2990.0,shopify,9999,deny,active
acc--patas-cromadas,nan: Patas Cromadas,Accesorio opcional de tipo nan proveniente de Magento.,Magento Import,,"accesorio-configurador, oculto",TRUE,Title,Default Title,ACC-PATAS-CROMADAS,8990.0,shopify,9999,deny,active
acc--brazos-fijos,nan: Brazos Fijos,Accesorio opcional de tipo nan proveniente de Magento.,Magento Import,,"accesorio-configurador, oculto",TRUE,Title,Default Title,ACC-BRAZOS-FIJOS,17080.0,shopify,9999,deny,active
acc--patas-grises,nan: Patas Grises.  ,Accesorio opcional de tipo nan proveniente de Magento.,Magento Import,,"accesorio-configurador, oculto",TRUE,Title,Default Title,ACC-PATAS-GRISES,2990.0,shopify,9999,deny,active
acc--brazos-fijos,nan: Brazos Fijos,Accesorio opcional de tipo nan proveniente de Magento.,Magento Import,,"accesorio-configurador, oculto",TRUE,Title,Default Title,ACC-BRAZOS-FIJOS,17700.0,shopify,9999,deny,active
acc--paleta-nacional-universitaria,nan: Paleta Nacional Universitaria,Accesorio opcional de tipo nan proveniente de Magento.,Magento Import,,"accesorio-configurador, oculto",TRUE,Title,Default Title,ACC-PALETA-NACIONAL-UNIVERSITARIA,31000.0,shopify,9999,deny,active
acc--estructura-trineo-cromada,nan: Estructura Trineo Cromada,Accesorio opcional de tipo nan proveniente de Magento.,Magento Import,,"accesorio-configurador, oculto",TRUE,Title,Default Title,ACC-ESTRUCTURA-TRINEO-CROMADA,40000.0,shopify,9999,deny,active
acc--par-de-brazos,nan: Par de Brazos,Accesorio opcional de tipo nan proveniente de Magento.,Magento Import,,"accesorio-configurador, oculto",TRUE,Title,Default Title,ACC-PAR-DE-BRAZOS,17000.0,shopify,9999,deny,active
acc--par-de-brazos,nan: Par de Brazos,Accesorio opcional de tipo nan proveniente de Magento.,Magento Import,,"accesorio-configurador, oculto",TRUE,Title,Default Title,ACC-PAR-DE-BRAZOS,15000.0,shopify,9999,deny,active
acc-opcional-ruedas-desmopan-65mm-para-piso-flotante,Opcional: Ruedas Desmopan 65mm (Para Piso Flotante),Accesorio opcional de tipo Opcional proveniente de Magento.,Magento Import,Opcional,"accesorio-configurador, oculto",TRUE,Title,Default Title,ACC-RUEDAS-DESMOPAN-65MM-PARA-PISO-FLOTANTE,9750.0,shopify,9999,deny,active
acc-accesorios-apoyo-lumbar,Accesorios: Apoyo Lumbar,Accesorio opcional de tipo Accesorios proveniente de Magento.,Magento Import,Accesorios,"accesorio-configurador, oculto",TRUE,Title,Default Title,ACC-APOYO-LUMBAR,48635.0,shopify,9999,deny,active
acc--perchero,nan: Perchero ,Accesorio opcional de tipo nan proveniente de Magento.,Magento Import,,"accesorio-configurador, oculto",TRUE,Title,Default Title,ACC-PERCHERO,83141.0,shopify,9999,deny,active
acc--cabecero-ancho-malla-negro,nan: Cabecero Ancho Malla Negro,Accesorio opcional de tipo nan proveniente de Magento.,Magento Import,,"accesorio-configurador, oculto",TRUE,Title,Default Title,ACC-CABECERO-ANCHO-MALLA-NEGRO,152165.0,shopify,9999,deny,active
acc-opcionales-cabecero-ancho-malla-fijo,Opcionales : Cabecero Ancho Malla Fijo ,Accesorio opcional de tipo Opcionales  proveniente de Magento.,Magento Import,Opcionales ,"accesorio-configurador, oculto",TRUE,Title,Default Title,ACC-CABECERO-ANCHO-MALLA-FIJO,177000.0,shopify,9999,deny,active
acc--apoyo-lumbar,nan: Apoyo Lumbar ,Accesorio opcional de tipo nan proveniente de Magento.,Magento Import,,"accesorio-configurador, oculto",TRUE,Title,Default Title,ACC-APOYO-LUMBAR,95500.0,shopify,9999,deny,active
acc--brazo-regulable,nan: Brazo Regulable,Accesorio opcional de tipo nan proveniente de Magento.,Magento Import,,"accesorio-configurador, oculto",TRUE,Title,Default Title,ACC-BRAZO-REGULABLE,22000.0,shopify,9999,deny,active
acc--brazo-regulable,nan: Brazo Regulable ,Accesorio opcional de tipo nan proveniente de Magento.,Magento Import,,"accesorio-configurador, oculto",TRUE,Title,Default Title,ACC-BRAZO-REGULABLE,29000.0,shopify,9999,deny,active
acc--base-cromada,nan: Base Cromada,Accesorio opcional de tipo nan proveniente de Magento.,Magento Import,,"accesorio-configurador, oculto",TRUE,Title,Default Title,ACC-BASE-CROMADA,25500.0,shopify,9999,deny,active
acc--base-aluminio,nan: Base Aluminio,Accesorio opcional de tipo nan proveniente de Magento.,Magento Import,,"accesorio-configurador, oculto",TRUE,Title,Default Title,ACC-BASE-ALUMINIO,52900.0,shopify,9999,deny,active
acc--brazo-fijo-brc-24,nan: Brazo Fijo BRC 24,Accesorio opcional de tipo nan proveniente de Magento.,Magento Import,,"accesorio-configurador, oculto",TRUE,Title,Default Title,ACC-BRAZO-FIJO-BRC-24,16900.0,shopify,9999,deny,active
acc--brazo-regulable-brc-28-pp,nan: Brazo Regulable BRC 28 PP,Accesorio opcional de tipo nan proveniente de Magento.,Magento Import,,"accesorio-configurador, oculto",TRUE,Title,Default Title,ACC-BRAZO-REGULABLE-BRC-28-PP,24000.0,shopify,9999,deny,active
acc--brazo-regulable-brc-19-cr,nan: Brazo Regulable BRC 19 CR,Accesorio opcional de tipo nan proveniente de Magento.,Magento Import,,"accesorio-configurador, oculto",TRUE,Title,Default Title,ACC-BRAZO-REGULABLE-BRC-19-CR,38990.0,shopify,9999,deny,active
acc--si,nan: Si,Accesorio opcional de tipo nan proveniente de Magento.,Magento Import,,"accesorio-configurador, oculto",TRUE,Title,Default Title,ACC-SI,3990.0,shopify,9999,deny,active
acc-opciones-extra-cabecero,Opciones extra: Cabecero,Accesorio opcional de tipo Opciones extra proveniente de Magento.,Magento Import,Opciones extra,"accesorio-configurador, oculto",TRUE,Title,Default Title,ACC-CABECERO,20000.0,shopify,9999,deny,active
acc--desplazador,nan: Desplazador ,Accesorio opcional de tipo nan proveniente de Magento.,Magento Import,,"accesorio-configurador, oculto",TRUE,Title,Default Title,ACC-DESPLAZADOR,20000.0,shopify,9999,deny,active
acc--cojines-tapizados-en-cuero-italiano,nan: Cojines Tapizados en Cuero Italiano,Accesorio opcional de tipo nan proveniente de Magento.,Magento Import,,"accesorio-configurador, oculto",TRUE,Title,Default Title,ACC-COJINES-TAPIZADOS-EN-CUERO-ITALIANO,63000.0,shopify,9999,deny,active
acc-componente-adicional-base-aluminio,COMPONENTE ADICIONAL: Base Aluminio ,Accesorio opcional de tipo COMPONENTE ADICIONAL proveniente de Magento.,Magento Import,COMPONENTE ADICIONAL,"accesorio-configurador, oculto",TRUE,Title,Default Title,ACC-BASE-ALUMINIO,33000.0,shopify,9999,deny,active
acc--rueda-desmopan,nan: Rueda Desmopan ,Accesorio opcional de tipo nan proveniente de Magento.,Magento Import,,"accesorio-configurador, oculto",TRUE,Title,Default Title,ACC-RUEDA-DESMOPAN,13500.0,shopify,9999,deny,active
acc-opcional-cabecero,Opcional: Cabecero,Accesorio opcional de tipo Opcional proveniente de Magento.,Magento Import,Opcional,"accesorio-configurador, oculto",TRUE,Title,Default Title,ACC-CABECERO,30000.0,shopify,9999,deny,active
acc--3-cuerpos,nan: 3 Cuerpos,Accesorio opcional de tipo nan proveniente de Magento.,Magento Import,,"accesorio-configurador, oculto",TRUE,Title,Default Title,ACC-3-CUERPOS,129500.0,shopify,9999,deny,active
acc--4-cuerpos,nan: 4 Cuerpos,Accesorio opcional de tipo nan proveniente de Magento.,Magento Import,,"accesorio-configurador, oculto",TRUE,Title,Default Title,ACC-4-CUERPOS,261000.0,shopify,9999,deny,active
acc--5-cuerpos,nan: 5 Cuerpos,Accesorio opcional de tipo nan proveniente de Magento.,Magento Import,,"accesorio-configurador, oculto",TRUE,Title,Default Title,ACC-5-CUERPOS,387500.0,shopify,9999,deny,active
acc--pata-y-invertida-aluminio-pulido,nan: Pata Y invertida Aluminio pulido,Accesorio opcional de tipo nan proveniente de Magento.,Magento Import,,"accesorio-configurador, oculto",TRUE,Title,Default Title,ACC-PATA-Y-INVERTIDA-ALUMINIO-PULIDO,25000.0,shopify,9999,deny,active
acc--patas-trineo-cromado,nan: Patas Trineo Cromado,Accesorio opcional de tipo nan proveniente de Magento.,Magento Import,,"accesorio-configurador, oculto",TRUE,Title,Default Title,ACC-PATAS-TRINEO-CROMADO,40000.0,shopify,9999,deny,active
acc--3,nan: 3,Accesorio opcional de tipo nan proveniente de Magento.,Magento Import,,"accesorio-configurador, oculto",TRUE,Title,Default Title,ACC-3,47570.0,shopify,9999,deny,active
acc--4,nan: 4,Accesorio opcional de tipo nan proveniente de Magento.,Magento Import,,"accesorio-configurador, oculto",TRUE,Title,Default Title,ACC-4,97610.0,shopify,9999,deny,active
acc--5,nan: 5,Accesorio opcional de tipo nan proveniente de Magento.,Magento Import,,"accesorio-configurador, oculto",TRUE,Title,Default Title,ACC-5,202000.0,shopify,9999,deny,active
acc--6,nan: 6,Accesorio opcional de tipo nan proveniente de Magento.,Magento Import,,"accesorio-configurador, oculto",TRUE,Title,Default Title,ACC-6,244000.0,shopify,9999,deny,active
acc--6,nan: 6,Accesorio opcional de tipo nan proveniente de Magento.,Magento Import,,"accesorio-configurador, oculto",TRUE,Title,Default Title,ACC-6,226000.0,shopify,9999,deny,active
acc--3-cuerpos,nan: 3 Cuerpos,Accesorio opcional de tipo nan proveniente de Magento.,Magento Import,,"accesorio-configurador, oculto",TRUE,Title,Default Title,ACC-3-CUERPOS,59200.0,shopify,9999,deny,active
acc--4-cuerpos,nan: 4 Cuerpos,Accesorio opcional de tipo nan proveniente de Magento.,Magento Import,,"accesorio-configurador, oculto",TRUE,Title,Default Title,ACC-4-CUERPOS,126400.0,shopify,9999,deny,active
acc--5-cuerpos,nan: 5 Cuerpos,Accesorio opcional de tipo nan proveniente de Magento.,Magento Import,,"accesorio-configurador, oculto",TRUE,Title,Default Title,ACC-5-CUERPOS,233000.0,shopify,9999,deny,active
acc--pata-split,nan: Pata Split,Accesorio opcional de tipo nan proveniente de Magento.,Magento Import,,"accesorio-configurador, oculto",TRUE,Title,Default Title,ACC-PATA-SPLIT,44000.0,shopify,9999,deny,active
acc--pata-split-cromada,nan: Pata Split Cromada,Accesorio opcional de tipo nan proveniente de Magento.,Magento Import,,"accesorio-configurador, oculto",TRUE,Title,Default Title,ACC-PATA-SPLIT-CROMADA,88000.0,shopify,9999,deny,active
acc--3,nan: 3,Accesorio opcional de tipo nan proveniente de Magento.,Magento Import,,"accesorio-configurador, oculto",TRUE,Title,Default Title,ACC-3,32000.0,shopify,9999,deny,active
acc--4,nan: 4,Accesorio opcional de tipo nan proveniente de Magento.,Magento Import,,"accesorio-configurador, oculto",TRUE,Title,Default Title,ACC-4,77000.0,shopify,9999,deny,active
acc--5,nan: 5,Accesorio opcional de tipo nan proveniente de Magento.,Magento Import,,"accesorio-configurador, oculto",TRUE,Title,Default Title,ACC-5,146000.0,shopify,9999,deny,active
acc--6,nan: 6,Accesorio opcional de tipo nan proveniente de Magento.,Magento Import,,"accesorio-configurador, oculto",TRUE,Title,Default Title,ACC-6,206000.0,shopify,9999,deny,active
acc--pata-luna-cromada,nan: Pata Luna cromada,Accesorio opcional de tipo nan proveniente de Magento.,Magento Import,,"accesorio-configurador, oculto",TRUE,Title,Default Title,ACC-PATA-LUNA-CROMADA,33000.0,shopify,9999,deny,active
acc--blanco,nan: Blanco,Accesorio opcional de tipo nan proveniente de Magento.,Magento Import,,"accesorio-configurador, oculto",TRUE,Title,Default Title,ACC-BLANCO,800.0,shopify,9999,deny,active
acc--con-rejilla,nan: Con rejilla,Accesorio opcional de tipo nan proveniente de Magento.,Magento Import,,"accesorio-configurador, oculto",TRUE,Title,Default Title,ACC-CON-REJILLA,15000.0,shopify,9999,deny,active
acc--con-rejilla-universittaria,nan: Con Rejilla Universittaria,Accesorio opcional de tipo nan proveniente de Magento.,Magento Import,,"accesorio-configurador, oculto",TRUE,Title,Default Title,ACC-CON-REJILLA-UNIVERSITTARIA,15000.0,shopify,9999,deny,active
acc--3,nan: 3,Accesorio opcional de tipo nan proveniente de Magento.,Magento Import,,"accesorio-configurador, oculto",TRUE,Title,Default Title,ACC-3,39140.0,shopify,9999,deny,active
acc--4,nan: 4,Accesorio opcional de tipo nan proveniente de Magento.,Magento Import,,"accesorio-configurador, oculto",TRUE,Title,Default Title,ACC-4,88150.0,shopify,9999,deny,active
acc--5,nan: 5,Accesorio opcional de tipo nan proveniente de Magento.,Magento Import,,"accesorio-configurador, oculto",TRUE,Title,Default Title,ACC-5,200000.0,shopify,9999,deny,active
acc--6,nan: 6,Accesorio opcional de tipo nan proveniente de Magento.,Magento Import,,"accesorio-configurador, oculto",TRUE,Title,Default Title,ACC-6,276000.0,shopify,9999,deny,active
acc--blanco,nan: Blanco,Accesorio opcional de tipo nan proveniente de Magento.,Magento Import,,"accesorio-configurador, oculto",TRUE,Title,Default Title,ACC-BLANCO,8000.0,shopify,9999,deny,active
acc--4,nan: 4,Accesorio opcional de tipo nan proveniente de Magento.,Magento Import,,"accesorio-configurador, oculto",TRUE,Title,Default Title,ACC-4,92000.0,shopify,9999,deny,active
acc--6,nan: 6,Accesorio opcional de tipo nan proveniente de Magento.,Magento Import,,"accesorio-configurador, oculto",TRUE,Title,Default Title,ACC-6,258000.0,shopify,9999,deny,active
acc--3,nan: 3,Accesorio opcional de tipo nan proveniente de Magento.,Magento Import,,"accesorio-configurador, oculto",TRUE,Title,Default Title,ACC-3,63000.0,shopify,9999,deny,active
acc--4,nan: 4,Accesorio opcional de tipo nan proveniente de Magento.,Magento Import,,"accesorio-configurador, oculto",TRUE,Title,Default Title,ACC-4,135000.0,shopify,9999,deny,active
acc--5,nan: 5,Accesorio opcional de tipo nan proveniente de Magento.,Magento Import,,"accesorio-configurador, oculto",TRUE,Title,Default Title,ACC-5,248000.0,shopify,9999,deny,active
acc--6,nan: 6,Accesorio opcional de tipo nan proveniente de Magento.,Magento Import,,"accesorio-configurador, oculto",TRUE,Title,Default Title,ACC-6,344000.0,shopify,9999,deny,active
acc--pata-luna-cromada,nan: Pata luna cromada ,Accesorio opcional de tipo nan proveniente de Magento.,Magento Import,,"accesorio-configurador, oculto",TRUE,Title,Default Title,ACC-PATA-LUNA-CROMADA,45500.0,shopify,9999,deny,active
acc--pata-split-cromada,nan: Pata split cromada,Accesorio opcional de tipo nan proveniente de Magento.,Magento Import,,"accesorio-configurador, oculto",TRUE,Title,Default Title,ACC-PATA-SPLIT-CROMADA,57330.0,shopify,9999,deny,active
acc-extra-revistero,EXTRA: Revistero ,Accesorio opcional de tipo EXTRA proveniente de Magento.,Magento Import,EXTRA,"accesorio-configurador, oculto",TRUE,Title,Default Title,ACC-REVISTERO,90000.0,shopify,9999,deny,active
acc--3,nan: 3,Accesorio opcional de tipo nan proveniente de Magento.,Magento Import,,"accesorio-configurador, oculto",TRUE,Title,Default Title,ACC-3,77000.0,shopify,9999,deny,active
acc--4,nan: 4,Accesorio opcional de tipo nan proveniente de Magento.,Magento Import,,"accesorio-configurador, oculto",TRUE,Title,Default Title,ACC-4,170000.0,shopify,9999,deny,active
acc--5,nan: 5,Accesorio opcional de tipo nan proveniente de Magento.,Magento Import,,"accesorio-configurador, oculto",TRUE,Title,Default Title,ACC-5,280000.0,shopify,9999,deny,active
acc--6,nan: 6,Accesorio opcional de tipo nan proveniente de Magento.,Magento Import,,"accesorio-configurador, oculto",TRUE,Title,Default Title,ACC-6,390000.0,shopify,9999,deny,active
acc--pata-luna-cromada,nan: pata luna cromada,Accesorio opcional de tipo nan proveniente de Magento.,Magento Import,,"accesorio-configurador, oculto",TRUE,Title,Default Title,ACC-PATA-LUNA-CROMADA,45500.0,shopify,9999,deny,active
acc--pata-split-cromada,nan: pata split cromada ,Accesorio opcional de tipo nan proveniente de Magento.,Magento Import,,"accesorio-configurador, oculto",TRUE,Title,Default Title,ACC-PATA-SPLIT-CROMADA,57330.0,shopify,9999,deny,active
acc-adicionales-cabecero,Adicionales: Cabecero,Accesorio opcional de tipo Adicionales proveniente de Magento.,Magento Import,Adicionales,"accesorio-configurador, oculto",TRUE,Title,Default Title,ACC-CABECERO,18500.0,shopify,9999,deny,active
acc--con-brazos,nan: Con Brazos,Accesorio opcional de tipo nan proveniente de Magento.,Magento Import,,"accesorio-configurador, oculto",TRUE,Title,Default Title,ACC-CON-BRAZOS,26500.0,shopify,9999,deny,active
acc--con-brazos,nan: Con Brazos,Accesorio opcional de tipo nan proveniente de Magento.,Magento Import,,"accesorio-configurador, oculto",TRUE,Title,Default Title,ACC-CON-BRAZOS,27000.0,shopify,9999,deny,active
acc--4-patas-cromadas,nan: 4 Patas Cromadas,Accesorio opcional de tipo nan proveniente de Magento.,Magento Import,,"accesorio-configurador, oculto",TRUE,Title,Default Title,0.0,4400.0,shopify,9999,deny,active
acc-opcionales-ruedas-desmopan,Opcionales : Ruedas desmopan ,Accesorio opcional de tipo Opcionales  proveniente de Magento.,Magento Import,Opcionales ,"accesorio-configurador, oculto",TRUE,Title,Default Title,ACC-RUEDAS-DESMOPAN,9750.0,shopify,9999,deny,active
acc--par-de-brazos-negros,nan: Par de Brazos Negros,Accesorio opcional de tipo nan proveniente de Magento.,Magento Import,,"accesorio-configurador, oculto",TRUE,Title,Default Title,ACC-PAR-DE-BRAZOS-NEGROS,27000.0,shopify,9999,deny,active
acc--par-de-brazos-negros,nan: Par de Brazos Negros,Accesorio opcional de tipo nan proveniente de Magento.,Magento Import,,"accesorio-configurador, oculto",TRUE,Title,Default Title,ACC-PAR-DE-BRAZOS-NEGROS,28000.0,shopify,9999,deny,active
acc--120-cm-ancho-x-60-cm-profundidad,nan: 120 cm Ancho x 60 cm Profundidad,Accesorio opcional de tipo nan proveniente de Magento.,Magento Import,,"accesorio-configurador, oculto",TRUE,Title,Default Title,ACC-120-CM-ANCHO-X-60-CM-PROFUNDIDAD,10200.0,shopify,9999,deny,active
acc--130-cm-ancho-x-60-cm-profundidad,nan: 130 cm Ancho x 60 cm Profundidad,Accesorio opcional de tipo nan proveniente de Magento.,Magento Import,,"accesorio-configurador, oculto",TRUE,Title,Default Title,ACC-130-CM-ANCHO-X-60-CM-PROFUNDIDAD,19500.0,shopify,9999,deny,active
acc--140-cm-ancho-x-60-cm-profundidad,nan: 140 cm Ancho x 60 cm Profundidad,Accesorio opcional de tipo nan proveniente de Magento.,Magento Import,,"accesorio-configurador, oculto",TRUE,Title,Default Title,ACC-140-CM-ANCHO-X-60-CM-PROFUNDIDAD,28800.0,shopify,9999,deny,active
acc--150-cm-ancho-x-60-cm-profundidad,nan: 150 cm Ancho x 60 cm Profundidad,Accesorio opcional de tipo nan proveniente de Magento.,Magento Import,,"accesorio-configurador, oculto",TRUE,Title,Default Title,ACC-150-CM-ANCHO-X-60-CM-PROFUNDIDAD,38000.0,shopify,9999,deny,active
acc--160-cm-ancho-x-60-cm-profundidad,nan: 160 cm Ancho x 60 cm Profundidad,Accesorio opcional de tipo nan proveniente de Magento.,Magento Import,,"accesorio-configurador, oculto",TRUE,Title,Default Title,ACC-160-CM-ANCHO-X-60-CM-PROFUNDIDAD,48000.0,shopify,9999,deny,active
acc--170-cm-ancho-x-60-cm-profundidad,nan: 170 cm Ancho x 60 cm Profundidad,Accesorio opcional de tipo nan proveniente de Magento.,Magento Import,,"accesorio-configurador, oculto",TRUE,Title,Default Title,ACC-170-CM-ANCHO-X-60-CM-PROFUNDIDAD,58000.0,shopify,9999,deny,active
acc-opcion-cuero-natural-color-a-eleccion,Opcion Cuero Natural: Color a Eleccion,Accesorio opcional de tipo Opcion Cuero Natural proveniente de Magento.,Magento Import,Opcion Cuero Natural,"accesorio-configurador, oculto",TRUE,Title,Default Title,ACC-COLOR-A-ELECCION,222560.0,shopify,9999,deny,active
acc--base-cromada,nan: Base Cromada,Accesorio opcional de tipo nan proveniente de Magento.,Magento Import,,"accesorio-configurador, oculto",TRUE,Title,Default Title,ACC-BASE-CROMADA,188000.0,shopify,9999,deny,active
acc-opcional-tapiz-cuero-natural-consultar-colores-disponibles,Opcional: Tapiz Cuero Natural (Consultar Colores Disponibles),Accesorio opcional de tipo Opcional proveniente de Magento.,Magento Import,Opcional,"accesorio-configurador, oculto",TRUE,Title,Default Title,ACC-TAPIZ-CUERO-NATURAL-CONSULTAR-COLORES-DISPONIBLES,233000.0,shopify,9999,deny,active
acc-opcional-tapiz-cuero-natural-consultar-colores-disponibles,Opcional: Tapiz Cuero Natural (Consultar Colores Disponibles),Accesorio opcional de tipo Opcional proveniente de Magento.,Magento Import,Opcional,"accesorio-configurador, oculto",TRUE,Title,Default Title,ACC-TAPIZ-CUERO-NATURAL-CONSULTAR-COLORES-DISPONIBLES,300000.0,shopify,9999,deny,active
acc--ancho-39cm-x-profundidad-50cm-x-altura-60cm,nan: Ancho 39cm x Profundidad 50cm x Altura 60cm,Accesorio opcional de tipo nan proveniente de Magento.,Magento Import,,"accesorio-configurador, oculto",TRUE,Title,Default Title,ACC-ANCHO-39CM-X-PROFUNDIDAD-50CM-X-ALTURA-60CM,4500.0,shopify,9999,deny,active
acc--con-cubierta-metálica,nan: Con Cubierta Metálica,Accesorio opcional de tipo nan proveniente de Magento.,Magento Import,,"accesorio-configurador, oculto",TRUE,Title,Default Title,ACC-CON-CUBIERTA-METÁLICA,9700.0,shopify,9999,deny,active
acc--13-mts-ancho-x-60-cm-profundidad,"nan: 1,3 mts Ancho x 60 cm Profundidad",Accesorio opcional de tipo nan proveniente de Magento.,Magento Import,,"accesorio-configurador, oculto",TRUE,Title,Default Title,ACC-13-MTS-ANCHO-X-60-CM-PROFUNDIDAD,9200.0,shopify,9999,deny,active
acc--14-mts-ancho-x-60-cm-profundidad,"nan: 1,4 mts Ancho x 60 cm Profundidad",Accesorio opcional de tipo nan proveniente de Magento.,Magento Import,,"accesorio-configurador, oculto",TRUE,Title,Default Title,ACC-14-MTS-ANCHO-X-60-CM-PROFUNDIDAD,17700.0,shopify,9999,deny,active
acc--15-mts-ancho-x-70-cm-profundidad,"nan: 1,5 mts Ancho x 70 cm Profundidad",Accesorio opcional de tipo nan proveniente de Magento.,Magento Import,,"accesorio-configurador, oculto",TRUE,Title,Default Title,ACC-15-MTS-ANCHO-X-70-CM-PROFUNDIDAD,70100.0,shopify,9999,deny,active
acc--16-mts-ancho-x-70-cm-profundidad,"nan: 1,6 mts Ancho x 70 cm Profundidad",Accesorio opcional de tipo nan proveniente de Magento.,Magento Import,,"accesorio-configurador, oculto",TRUE,Title,Default Title,ACC-16-MTS-ANCHO-X-70-CM-PROFUNDIDAD,99900.0,shopify,9999,deny,active
acc--17-mts-ancho-x-70-cm-profundidad,"nan: 1,7 mts Ancho x 70 cm Profundidad",Accesorio opcional de tipo nan proveniente de Magento.,Magento Import,,"accesorio-configurador, oculto",TRUE,Title,Default Title,ACC-17-MTS-ANCHO-X-70-CM-PROFUNDIDAD,133000.0,shopify,9999,deny,active
acc-opcionales-2-cajoneras-móvil-laminada-3-cajones,Opcionales: 2 Cajoneras Móvil Laminada 3 Cajones,Accesorio opcional de tipo Opcionales proveniente de Magento.,Magento Import,Opcionales,"accesorio-configurador, oculto",TRUE,Title,Default Title,ACC-2-CAJONERAS-MÓVIL-LAMINADA-3-CAJONES,433000.0,shopify,9999,deny,active
acc--26-mts-ancho-x-12-mts-profundidad-puesto-de-13-mts-ancho-por-60-cm-profundidad,"nan: 2,6 mts Ancho x 1,2 mts Profundidad (Puesto de 1,3 mts ancho por 60 cm profundidad)",Accesorio opcional de tipo nan proveniente de Magento.,Magento Import,,"accesorio-configurador, oculto",TRUE,Title,Default Title,ACC-26-MTS-ANCHO-X-12-MTS-PROFUNDIDAD-PUESTO-DE-13-MTS-ANCHO-POR-60-CM-PROFUNDIDAD,16600.0,shopify,9999,deny,active
acc--28-mts-ancho-x-12-mts-profundidad-puesto-de-14-mts-ancho-por-60-cm-profundidad,"nan: 2,8 mts Ancho x 1,2 mts Profundidad (Puesto de 1,4 mts ancho por 60 cm profundidad)",Accesorio opcional de tipo nan proveniente de Magento.,Magento Import,,"accesorio-configurador, oculto",TRUE,Title,Default Title,ACC-28-MTS-ANCHO-X-12-MTS-PROFUNDIDAD-PUESTO-DE-14-MTS-ANCHO-POR-60-CM-PROFUNDIDAD,32000.0,shopify,9999,deny,active
acc--30-mts-ancho-x-14-mts-profundidad-puesto-de-15-mts-ancho-por-70-cm-profundidad,"nan: 3,0 mts Ancho x 1,4 mts Profundidad (Puesto de 1,5 mts ancho por 70 cm profundidad)",Accesorio opcional de tipo nan proveniente de Magento.,Magento Import,,"accesorio-configurador, oculto",TRUE,Title,Default Title,ACC-30-MTS-ANCHO-X-14-MTS-PROFUNDIDAD-PUESTO-DE-15-MTS-ANCHO-POR-70-CM-PROFUNDIDAD,92200.0,shopify,9999,deny,active
acc--32-mts-ancho-x-14-mts-profundidad-puesto-de-16-mts-ancho-por-70-cm-profundidad,"nan: 3,2 mts Ancho x 1,4 mts Profundidad (Puesto de 1,6 mts ancho por 70 cm profundidad)",Accesorio opcional de tipo nan proveniente de Magento.,Magento Import,,"accesorio-configurador, oculto",TRUE,Title,Default Title,ACC-32-MTS-ANCHO-X-14-MTS-PROFUNDIDAD-PUESTO-DE-16-MTS-ANCHO-POR-70-CM-PROFUNDIDAD,138000.0,shopify,9999,deny,active
acc--34-mts-ancho-x-14-mts-profundidad-puesto-de-17-mts-ancho-por-70-cm-profundidad,"nan: 3,4 mts Ancho x 1,4 mts Profundidad (Puesto de 1,7 mts ancho por 70 cm profundidad)",Accesorio opcional de tipo nan proveniente de Magento.,Magento Import,,"accesorio-configurador, oculto",TRUE,Title,Default Title,ACC-34-MTS-ANCHO-X-14-MTS-PROFUNDIDAD-PUESTO-DE-17-MTS-ANCHO-POR-70-CM-PROFUNDIDAD,204400.0,shopify,9999,deny,active
acc-opcionales-4-cajoneras-móvil-laminada-3-con-cajones,Opcionales: 4 Cajoneras Móvil Laminada 3 con Cajones,Accesorio opcional de tipo Opcionales proveniente de Magento.,Magento Import,Opcionales,"accesorio-configurador, oculto",TRUE,Title,Default Title,ACC-4-CAJONERAS-MÓVIL-LAMINADA-3-CON-CAJONES,860000.0,shopify,9999,deny,active
acc--39-mts-ancho-x-12-mts-profundidad-puesto-de-13-mts-ancho-por-60cm-profundidad,"nan: 3,9 mts Ancho x 1,2 mts Profundidad (Puesto de 1,3 mts ancho por 60cm profundidad)",Accesorio opcional de tipo nan proveniente de Magento.,Magento Import,,"accesorio-configurador, oculto",TRUE,Title,Default Title,ACC-39-MTS-ANCHO-X-12-MTS-PROFUNDIDAD-PUESTO-DE-13-MTS-ANCHO-POR-60CM-PROFUNDIDAD,44400.0,shopify,9999,deny,active
acc--42-mts-ancho-x-12-mts-profundidad-puesto-de-14-mts-ancho-por-60cm-profundidad,"nan: 4,2 mts Ancho x 1,2 mts Profundidad (Puesto de 1,4 mts ancho por 60cm profundidad)",Accesorio opcional de tipo nan proveniente de Magento.,Magento Import,,"accesorio-configurador, oculto",TRUE,Title,Default Title,ACC-42-MTS-ANCHO-X-12-MTS-PROFUNDIDAD-PUESTO-DE-14-MTS-ANCHO-POR-60CM-PROFUNDIDAD,57500.0,shopify,9999,deny,active
acc--45-mts-ancho-x-14-mts-profundidad-puesto-de-15-mts-ancho-por-70cm-profundidad,"nan: 4,5 mts Ancho x 1,4 mts Profundidad (Puesto de 1,5 mts ancho por 70cm profundidad)",Accesorio opcional de tipo nan proveniente de Magento.,Magento Import,,"accesorio-configurador, oculto",TRUE,Title,Default Title,ACC-45-MTS-ANCHO-X-14-MTS-PROFUNDIDAD-PUESTO-DE-15-MTS-ANCHO-POR-70CM-PROFUNDIDAD,172500.0,shopify,9999,deny,active
acc--48-mts-ancho-x-14-mts-profundidad-puesto-de-16-mts-ancho-por-70cm-profundidad,"nan: 4,8 mts Ancho x 1,4 mts Profundidad (Puesto de 1,6 mts ancho por 70cm profundidad)",Accesorio opcional de tipo nan proveniente de Magento.,Magento Import,,"accesorio-configurador, oculto",TRUE,Title,Default Title,ACC-48-MTS-ANCHO-X-14-MTS-PROFUNDIDAD-PUESTO-DE-16-MTS-ANCHO-POR-70CM-PROFUNDIDAD,250000.0,shopify,9999,deny,active
acc--51-mts-ancho-x-14-mts-profundidad-puesto-de-17-mts-ancho-por-70cm-profundidad,"nan: 5,1 mts Ancho x 1,4 mts Profundidad (Puesto de 1,7 mts ancho por 70cm profundidad)",Accesorio opcional de tipo nan proveniente de Magento.,Magento Import,,"accesorio-configurador, oculto",TRUE,Title,Default Title,ACC-51-MTS-ANCHO-X-14-MTS-PROFUNDIDAD-PUESTO-DE-17-MTS-ANCHO-POR-70CM-PROFUNDIDAD,347000.0,shopify,9999,deny,active
acc-opcionales-pack-6-cajoneras-móvil-laminada-3-con-cajones,Opcionales: Pack 6 Cajoneras Móvil Laminada 3 con Cajones,Accesorio opcional de tipo Opcionales proveniente de Magento.,Magento Import,Opcionales,"accesorio-configurador, oculto",TRUE,Title,Default Title,ACC-PACK-6-CAJONERAS-MÓVIL-LAMINADA-3-CON-CAJONES,1290000.0,shopify,9999,deny,active
acc--13-mts-ancho-x-60-cm-profundidad,"nan: 1,3 mts Ancho x 60 cm Profundidad",Accesorio opcional de tipo nan proveniente de Magento.,Magento Import,,"accesorio-configurador, oculto",TRUE,Title,Default Title,ACC-13-MTS-ANCHO-X-60-CM-PROFUNDIDAD,9800.0,shopify,9999,deny,active
acc--14-mts-ancho-x-60-cm-profundidad,"nan: 1,4 mts Ancho x 60 cm Profundidad",Accesorio opcional de tipo nan proveniente de Magento.,Magento Import,,"accesorio-configurador, oculto",TRUE,Title,Default Title,ACC-14-MTS-ANCHO-X-60-CM-PROFUNDIDAD,18800.0,shopify,9999,deny,active
acc--15-mts-ancho-x-70-cm-profundidad,"nan: 1,5 mts Ancho x 70 cm Profundidad",Accesorio opcional de tipo nan proveniente de Magento.,Magento Import,,"accesorio-configurador, oculto",TRUE,Title,Default Title,ACC-15-MTS-ANCHO-X-70-CM-PROFUNDIDAD,74000.0,shopify,9999,deny,active
acc--16-mts-ancho-x-70-cm-profundidad,"nan: 1,6 mts Ancho x 70 cm Profundidad",Accesorio opcional de tipo nan proveniente de Magento.,Magento Import,,"accesorio-configurador, oculto",TRUE,Title,Default Title,ACC-16-MTS-ANCHO-X-70-CM-PROFUNDIDAD,105050.0,shopify,9999,deny,active
acc--17-mts-ancho-x-70-cm-profundidad,"nan: 1,7 mts Ancho x 70 cm Profundidad",Accesorio opcional de tipo nan proveniente de Magento.,Magento Import,,"accesorio-configurador, oculto",TRUE,Title,Default Title,ACC-17-MTS-ANCHO-X-70-CM-PROFUNDIDAD,140040.0,shopify,9999,deny,active
acc--26-mts-ancho-x-12-mts-profundidad-puesto-de-13-mts-ancho-por-60-cm-profundidad,"nan: 2,6 mts Ancho x 1,2 mts Profundidad (Puesto de 1,3 mts ancho por 60 cm profundidad)",Accesorio opcional de tipo nan proveniente de Magento.,Magento Import,,"accesorio-configurador, oculto",TRUE,Title,Default Title,ACC-26-MTS-ANCHO-X-12-MTS-PROFUNDIDAD-PUESTO-DE-13-MTS-ANCHO-POR-60-CM-PROFUNDIDAD,17500.0,shopify,9999,deny,active
acc--28-mts-ancho-x-12-mts-profundidad-puesto-de-14-mts-ancho-por-60-cm-profundidad,"nan: 2,8 mts Ancho x 1,2 mts Profundidad (Puesto de 1,4 mts ancho por 60 cm profundidad)",Accesorio opcional de tipo nan proveniente de Magento.,Magento Import,,"accesorio-configurador, oculto",TRUE,Title,Default Title,ACC-28-MTS-ANCHO-X-12-MTS-PROFUNDIDAD-PUESTO-DE-14-MTS-ANCHO-POR-60-CM-PROFUNDIDAD,33500.0,shopify,9999,deny,active
acc--30-mts-ancho-x-14-mts-profundidad-puesto-de-15-mts-ancho-por-70-cm-profundidad,"nan: 3,0 mts Ancho x 1,4 mts Profundidad (Puesto de 1,5 mts ancho por 70 cm profundidad)",Accesorio opcional de tipo nan proveniente de Magento.,Magento Import,,"accesorio-configurador, oculto",TRUE,Title,Default Title,ACC-30-MTS-ANCHO-X-14-MTS-PROFUNDIDAD-PUESTO-DE-15-MTS-ANCHO-POR-70-CM-PROFUNDIDAD,97700.0,shopify,9999,deny,active
acc--32-mts-ancho-x-14-mts-profundidad-puesto-de-16-mts-ancho-por-70-cm-profundidad,"nan: 3,2 mts Ancho x 1,4 mts Profundidad (Puesto de 1,6 mts ancho por 70 cm profundidad)",Accesorio opcional de tipo nan proveniente de Magento.,Magento Import,,"accesorio-configurador, oculto",TRUE,Title,Default Title,ACC-32-MTS-ANCHO-X-14-MTS-PROFUNDIDAD-PUESTO-DE-16-MTS-ANCHO-POR-70-CM-PROFUNDIDAD,144000.0,shopify,9999,deny,active
acc--34-mts-ancho-x-14-mts-profundidad-puesto-de-17-mts-ancho-por-70-cm-profundidad,"nan: 3,4 mts Ancho x 1,4 mts Profundidad (Puesto de 1,7 mts ancho por 70 cm profundidad)",Accesorio opcional de tipo nan proveniente de Magento.,Magento Import,,"accesorio-configurador, oculto",TRUE,Title,Default Title,ACC-34-MTS-ANCHO-X-14-MTS-PROFUNDIDAD-PUESTO-DE-17-MTS-ANCHO-POR-70-CM-PROFUNDIDAD,215000.0,shopify,9999,deny,active
acc--39-mts-ancho-x-12-mts-profundidad-puesto-de-13-mts-ancho-por-60cm-profundidad,"nan: 3,9 mts Ancho x 1,2 mts Profundidad (Puesto de 1,3 mts ancho por 60cm profundidad)",Accesorio opcional de tipo nan proveniente de Magento.,Magento Import,,"accesorio-configurador, oculto",TRUE,Title,Default Title,ACC-39-MTS-ANCHO-X-12-MTS-PROFUNDIDAD-PUESTO-DE-13-MTS-ANCHO-POR-60CM-PROFUNDIDAD,46500.0,shopify,9999,deny,active
acc--42-mts-ancho-x-12-mts-profundidad-puesto-de-14-mts-ancho-por-60cm-profundidad,"nan: 4,2 mts Ancho x 1,2 mts Profundidad (Puesto de 1,4 mts ancho por 60cm profundidad)",Accesorio opcional de tipo nan proveniente de Magento.,Magento Import,,"accesorio-configurador, oculto",TRUE,Title,Default Title,ACC-42-MTS-ANCHO-X-12-MTS-PROFUNDIDAD-PUESTO-DE-14-MTS-ANCHO-POR-60CM-PROFUNDIDAD,60600.0,shopify,9999,deny,active
acc--45-mts-ancho-x-14-mts-profundidad-puesto-de-15-mts-ancho-por-70cm-profundidad,"nan: 4,5 mts Ancho x 1,4 mts Profundidad (Puesto de 1,5 mts ancho por 70cm profundidad)",Accesorio opcional de tipo nan proveniente de Magento.,Magento Import,,"accesorio-configurador, oculto",TRUE,Title,Default Title,ACC-45-MTS-ANCHO-X-14-MTS-PROFUNDIDAD-PUESTO-DE-15-MTS-ANCHO-POR-70CM-PROFUNDIDAD,181000.0,shopify,9999,deny,active
acc--48-mts-ancho-x-14-mts-profundidad-puesto-de-16-mts-ancho-por-70cm-profundidad,"nan: 4,8 mts Ancho x 1,4 mts Profundidad (Puesto de 1,6 mts ancho por 70cm profundidad)",Accesorio opcional de tipo nan proveniente de Magento.,Magento Import,,"accesorio-configurador, oculto",TRUE,Title,Default Title,ACC-48-MTS-ANCHO-X-14-MTS-PROFUNDIDAD-PUESTO-DE-16-MTS-ANCHO-POR-70CM-PROFUNDIDAD,258800.0,shopify,9999,deny,active
acc--51-mts-ancho-x-14-mts-profundidad-puesto-de-17-mts-ancho-por-70cm-profundidad,"nan: 5,1 mts Ancho x 1,4 mts Profundidad (Puesto de 1,7 mts ancho por 70cm profundidad)",Accesorio opcional de tipo nan proveniente de Magento.,Magento Import,,"accesorio-configurador, oculto",TRUE,Title,Default Title,ACC-51-MTS-ANCHO-X-14-MTS-PROFUNDIDAD-PUESTO-DE-17-MTS-ANCHO-POR-70CM-PROFUNDIDAD,362000.0,shopify,9999,deny,active
acc--blanco,nan: Blanco,Accesorio opcional de tipo nan proveniente de Magento.,Magento Import,,"accesorio-configurador, oculto",TRUE,Title,Default Title,ACC-BLANCO,2800.0,shopify,9999,deny,active
acc--3,nan: 3,Accesorio opcional de tipo nan proveniente de Magento.,Magento Import,,"accesorio-configurador, oculto",TRUE,Title,Default Title,ACC-3,39070.0,shopify,9999,deny,active
acc--4,nan: 4,Accesorio opcional de tipo nan proveniente de Magento.,Magento Import,,"accesorio-configurador, oculto",TRUE,Title,Default Title,ACC-4,88000.0,shopify,9999,deny,active
acc--5,nan: 5,Accesorio opcional de tipo nan proveniente de Magento.,Magento Import,,"accesorio-configurador, oculto",TRUE,Title,Default Title,ACC-5,192000.0,shopify,9999,deny,active
acc--6,nan: 6,Accesorio opcional de tipo nan proveniente de Magento.,Magento Import,,"accesorio-configurador, oculto",TRUE,Title,Default Title,ACC-6,264000.0,shopify,9999,deny,active
acc--3,nan: 3,Accesorio opcional de tipo nan proveniente de Magento.,Magento Import,,"accesorio-configurador, oculto",TRUE,Title,Default Title,ACC-3,88000.0,shopify,9999,deny,active
acc--4,nan: 4,Accesorio opcional de tipo nan proveniente de Magento.,Magento Import,,"accesorio-configurador, oculto",TRUE,Title,Default Title,ACC-4,188000.0,shopify,9999,deny,active
acc--nordic-2-cuerpos,nan: Nordic 2 cuerpos,Accesorio opcional de tipo nan proveniente de Magento.,Magento Import,,"accesorio-configurador, oculto",TRUE,Title,Default Title,ACC-NORDIC-2-CUERPOS,40000.0,shopify,9999,deny,active
acc--nordic-3-cuerpos,nan: Nordic 3 cuerpos,Accesorio opcional de tipo nan proveniente de Magento.,Magento Import,,"accesorio-configurador, oculto",TRUE,Title,Default Title,ACC-NORDIC-3-CUERPOS,60000.0,shopify,9999,deny,active
acc--nordic-4-cuerpos,nan: Nordic 4 cuerpos,Accesorio opcional de tipo nan proveniente de Magento.,Magento Import,,"accesorio-configurador, oculto",TRUE,Title,Default Title,ACC-NORDIC-4-CUERPOS,80000.0,shopify,9999,deny,active
acc--aro-cromado,nan: Aro Cromado ,Accesorio opcional de tipo nan proveniente de Magento.,Magento Import,,"accesorio-configurador, oculto",TRUE,Title,Default Title,ACC-ARO-CROMADO,16000.0,shopify,9999,deny,active
acc--brazos-regulables-3d-en-pu,nan: Brazos Regulables 3D en PU,Accesorio opcional de tipo nan proveniente de Magento.,Magento Import,,"accesorio-configurador, oculto",TRUE,Title,Default Title,ACC-BRAZOS-REGULABLES-3D-EN-PU,20000.0,shopify,9999,deny,active
acc-opcionales-ruedas-desmopan-para-piso-flotante,OPCIONALES: Ruedas Desmopan (Para Piso Flotante),Accesorio opcional de tipo OPCIONALES proveniente de Magento.,Magento Import,OPCIONALES,"accesorio-configurador, oculto",TRUE,Title,Default Title,ACC-RUEDAS-DESMOPAN-PARA-PISO-FLOTANTE,11000.0,shopify,9999,deny,active
acc--cabecero,nan: Cabecero ,Accesorio opcional de tipo nan proveniente de Magento.,Magento Import,,"accesorio-configurador, oculto",TRUE,Title,Default Title,ACC-CABECERO,38000.0,shopify,9999,deny,active
acc--nordic,nan: Nordic,Accesorio opcional de tipo nan proveniente de Magento.,Magento Import,,"accesorio-configurador, oculto",TRUE,Title,Default Title,ACC-NORDIC,38000.0,shopify,9999,deny,active
acc--brazo-fijo,nan: Brazo Fijo ,Accesorio opcional de tipo nan proveniente de Magento.,Magento Import,,"accesorio-configurador, oculto",TRUE,Title,Default Title,ACC-BRAZO-FIJO,33000.0,shopify,9999,deny,active
acc-opcional-ruedas-desmopán-50-mm-para-piso-flotante,Opcional: Ruedas Desmopán 50 mm (Para Piso Flotante),Accesorio opcional de tipo Opcional proveniente de Magento.,Magento Import,Opcional,"accesorio-configurador, oculto",TRUE,Title,Default Title,2.0,11000.0,shopify,9999,deny,active
acc-base-base-cromada,BASE: Base Cromada,Accesorio opcional de tipo BASE proveniente de Magento.,Magento Import,BASE,"accesorio-configurador, oculto",TRUE,Title,Default Title,ACC-BASE-CROMADA,15500.0,shopify,9999,deny,active
acc-opcionales-cabecero-y-colgador,Opcionales: Cabecero y colgador,Accesorio opcional de tipo Opcionales proveniente de Magento.,Magento Import,Opcionales,"accesorio-configurador, oculto",TRUE,Title,Default Title,ACC-CABECERO-Y-COLGADOR,22000.0,shopify,9999,deny,active
acc--2-cuerpo,nan: 2 Cuerpo,Accesorio opcional de tipo nan proveniente de Magento.,Magento Import,,"accesorio-configurador, oculto",TRUE,Title,Default Title,ACC-2-CUERPO,190260.0,shopify,9999,deny,active
acc--3-cuerpo,nan: 3 Cuerpo,Accesorio opcional de tipo nan proveniente de Magento.,Magento Import,,"accesorio-configurador, oculto",TRUE,Title,Default Title,ACC-3-CUERPO,329720.0,shopify,9999,deny,active
acc-tapiz-ecoclean-lavable-antimancha-para-1-cuerpo,Tapiz: Ecoclean Lavable Antimancha para 1 cuerpo,Accesorio opcional de tipo Tapiz proveniente de Magento.,Magento Import,Tapiz,"accesorio-configurador, oculto",TRUE,Title,Default Title,ACC-ECOCLEAN-LAVABLE-ANTIMANCHA-PARA-1-CUERPO,99723.0,shopify,9999,deny,active
acc--ecoclean-lavable-antimancha-para-2-cuerpos,nan: Ecoclean Lavable Antimancha para 2 cuerpos,Accesorio opcional de tipo nan proveniente de Magento.,Magento Import,,"accesorio-configurador, oculto",TRUE,Title,Default Title,ACC-ECOCLEAN-LAVABLE-ANTIMANCHA-PARA-2-CUERPOS,149268.0,shopify,9999,deny,active
acc--ecoclean-lavable-antimancha-para-3-cuerpos,nan: Ecoclean Lavable Antimancha para 3 cuerpos,Accesorio opcional de tipo nan proveniente de Magento.,Magento Import,,"accesorio-configurador, oculto",TRUE,Title,Default Title,ACC-ECOCLEAN-LAVABLE-ANTIMANCHA-PARA-3-CUERPOS,180548.0,shopify,9999,deny,active
acc-opcionales-cabecero-malla-fijo,Opcionales : Cabecero Malla Fijo ,Accesorio opcional de tipo Opcionales  proveniente de Magento.,Magento Import,Opcionales ,"accesorio-configurador, oculto",TRUE,Title,Default Title,ACC-CABECERO-MALLA-FIJO,166000.0,shopify,9999,deny,active
acc-opcionales-cabecero,Opcionales: Cabecero,Accesorio opcional de tipo Opcionales proveniente de Magento.,Magento Import,Opcionales,"accesorio-configurador, oculto",TRUE,Title,Default Title,ACC-CABECERO,18000.0,shopify,9999,deny,active
acc--base-cromada,nan: Base Cromada ,Accesorio opcional de tipo nan proveniente de Magento.,Magento Import,,"accesorio-configurador, oculto",TRUE,Title,Default Title,ACC-BASE-CROMADA,22000.0,shopify,9999,deny,active
acc--cabecero,nan: Cabecero,Accesorio opcional de tipo nan proveniente de Magento.,Magento Import,,"accesorio-configurador, oculto",TRUE,Title,Default Title,ACC-CABECERO,18000.0,shopify,9999,deny,active
acc--base-aluminio-pulido,nan: Base Aluminio Pulido,Accesorio opcional de tipo nan proveniente de Magento.,Magento Import,,"accesorio-configurador, oculto",TRUE,Title,Default Title,ACC-BASE-ALUMINIO-PULIDO,46600.0,shopify,9999,deny,active
acc-brazos-brazo-regulable-pp-2d,Brazos: Brazo Regulable PP 2D,Accesorio opcional de tipo Brazos proveniente de Magento.,Magento Import,Brazos,"accesorio-configurador, oculto",TRUE,Title,Default Title,ACC-BRAZO-REGULABLE-PP-2D,24000.0,shopify,9999,deny,active
acc--brazo-regulable-3d-pu,nan: Brazo Regulable 3D PU,Accesorio opcional de tipo nan proveniente de Magento.,Magento Import,,"accesorio-configurador, oculto",TRUE,Title,Default Title,ACC-BRAZO-REGULABLE-3D-PU,44000.0,shopify,9999,deny,active
acc-extras-cabecero,Extras: Cabecero,Accesorio opcional de tipo Extras proveniente de Magento.,Magento Import,Extras,"accesorio-configurador, oculto",TRUE,Title,Default Title,ACC-CABECERO,24600.0,shopify,9999,deny,active
acc-opcional-base-aluminio,opcional: Base Aluminio,Accesorio opcional de tipo opcional proveniente de Magento.,Magento Import,opcional,"accesorio-configurador, oculto",TRUE,Title,Default Title,ACC-BASE-ALUMINIO,33000.0,shopify,9999,deny,active
acc--cabecero,nan: Cabecero,Accesorio opcional de tipo nan proveniente de Magento.,Magento Import,,"accesorio-configurador, oculto",TRUE,Title,Default Title,ACC-CABECERO,30000.0,shopify,9999,deny,active
acc--mecanismo-4-posiciones-de-bloqueo,nan: Mecanismo 4 posiciones de bloqueo,Accesorio opcional de tipo nan proveniente de Magento.,Magento Import,,"accesorio-configurador, oculto",TRUE,Title,Default Title,ACC-MECANISMO-4-POSICIONES-DE-BLOQUEO,11000.0,shopify,9999,deny,active
acc--ruedas-desmopan,nan: Ruedas desmopan,Accesorio opcional de tipo nan proveniente de Magento.,Magento Import,,"accesorio-configurador, oculto",TRUE,Title,Default Title,ACC-RUEDAS-DESMOPAN,11000.0,shopify,9999,deny,active
acc--brazos-fijos-en-pp,nan: Brazos Fijos en PP,Accesorio opcional de tipo nan proveniente de Magento.,Magento Import,,"accesorio-configurador, oculto",TRUE,Title,Default Title,ACC-BRAZOS-FIJOS-EN-PP,10000.0,shopify,9999,deny,active
acc--brazos-regulables-pp,nan: Brazos Regulables pp,Accesorio opcional de tipo nan proveniente de Magento.,Magento Import,,"accesorio-configurador, oculto",TRUE,Title,Default Title,ACC-BRAZOS-REGULABLES-PP,15000.0,shopify,9999,deny,active
acc--brazos-regulables-2d-en-tpu,nan: Brazos Regulables 2D en TPU,Accesorio opcional de tipo nan proveniente de Magento.,Magento Import,,"accesorio-configurador, oculto",TRUE,Title,Default Title,ACC-BRAZOS-REGULABLES-2D-EN-TPU,22000.0,shopify,9999,deny,active
acc--aro-cromado,nan: Aro Cromado,Accesorio opcional de tipo nan proveniente de Magento.,Magento Import,,"accesorio-configurador, oculto",TRUE,Title,Default Title,ACC-ARO-CROMADO,15000.0,shopify,9999,deny,active
acc--con-brazos,nan: Con Brazos,Accesorio opcional de tipo nan proveniente de Magento.,Magento Import,,"accesorio-configurador, oculto",TRUE,Title,Default Title,ACC-CON-BRAZOS,16500.0,shopify,9999,deny,active
acc--sincrónico-brazos-3d,nan: Sincrónico/ / Brazos 3D,Accesorio opcional de tipo nan proveniente de Magento.,Magento Import,,"accesorio-configurador, oculto",TRUE,Title,Default Title,ACC-SINCRÓNICO-BRAZOS-3D,61000.0,shopify,9999,deny,active
acc-opcionales-cabecero,OPCIONALES: Cabecero,Accesorio opcional de tipo OPCIONALES proveniente de Magento.,Magento Import,OPCIONALES,"accesorio-configurador, oculto",TRUE,Title,Default Title,ACC-CABECERO,24400.0,shopify,9999,deny,active
acc-opcional-cabecero,OPCIONAL: Cabecero ,Accesorio opcional de tipo OPCIONAL proveniente de Magento.,Magento Import,OPCIONAL,"accesorio-configurador, oculto",TRUE,Title,Default Title,ACC-CABECERO,16800.0,shopify,9999,deny,active
acc--3-cuerpos,nan: 3 Cuerpos,Accesorio opcional de tipo nan proveniente de Magento.,Magento Import,,"accesorio-configurador, oculto",TRUE,Title,Default Title,ACC-3-CUERPOS,105000.0,shopify,9999,deny,active
acc--4-cuerpos,nan: 4 Cuerpos,Accesorio opcional de tipo nan proveniente de Magento.,Magento Import,,"accesorio-configurador, oculto",TRUE,Title,Default Title,ACC-4-CUERPOS,222000.0,shopify,9999,deny,active
acc--5-cuerpos,nan: 5 Cuerpos,Accesorio opcional de tipo nan proveniente de Magento.,Magento Import,,"accesorio-configurador, oculto",TRUE,Title,Default Title,ACC-5-CUERPOS,333000.0,shopify,9999,deny,active
acc--patas-cromadas,nan: Patas cromadas ,Accesorio opcional de tipo nan proveniente de Magento.,Magento Import,,"accesorio-configurador, oculto",TRUE,Title,Default Title,ACC-PATAS-CROMADAS,9000.0,shopify,9999,deny,active
acc--brazos-fijos,nan: Brazos fijos,Accesorio opcional de tipo nan proveniente de Magento.,Magento Import,,"accesorio-configurador, oculto",TRUE,Title,Default Title,ACC-BRAZOS-FIJOS,16500.0,shopify,9999,deny,active
acc-opcionales-base-aluminio,OPCIONALES : Base Aluminio,Accesorio opcional de tipo OPCIONALES  proveniente de Magento.,Magento Import,OPCIONALES ,"accesorio-configurador, oculto",TRUE,Title,Default Title,ACC-BASE-ALUMINIO,33000.0,shopify,9999,deny,active
acc--cabecero,nan: Cabecero ,Accesorio opcional de tipo nan proveniente de Magento.,Magento Import,,"accesorio-configurador, oculto",TRUE,Title,Default Title,ACC-CABECERO,33000.0,shopify,9999,deny,active
acc--blanco,nan: Blanco,Accesorio opcional de tipo nan proveniente de Magento.,Magento Import,,"accesorio-configurador, oculto",TRUE,Title,Default Title,ACC-BLANCO,6000.0,shopify,9999,deny,active
acc--con-brazos,nan: Con Brazos,Accesorio opcional de tipo nan proveniente de Magento.,Magento Import,,"accesorio-configurador, oculto",TRUE,Title,Default Title,ACC-CON-BRAZOS,18000.0,shopify,9999,deny,active
acc-brazos-con-brazos,Brazos: Con brazos,Accesorio opcional de tipo Brazos proveniente de Magento.,Magento Import,Brazos,"accesorio-configurador, oculto",TRUE,Title,Default Title,ACC-CON-BRAZOS,18000.0,shopify,9999,deny,active
acc-opcional-cabecero-de-ecocuero-o-tela,OPCIONAL: Cabecero de ecocuero o tela,Accesorio opcional de tipo OPCIONAL proveniente de Magento.,Magento Import,OPCIONAL,"accesorio-configurador, oculto",TRUE,Title,Default Title,ACC-CABECERO-DE-ECOCUERO-O-TELA,95000.0,shopify,9999,deny,active
acc--cabecero-de-cuero-natural,nan: Cabecero de Cuero natural ,Accesorio opcional de tipo nan proveniente de Magento.,Magento Import,,"accesorio-configurador, oculto",TRUE,Title,Default Title,ACC-CABECERO-DE-CUERO-NATURAL,122000.0,shopify,9999,deny,active
acc--tapiz-cuero-natural-consultar-opción-de-colores,nan: Tapiz Cuero natural (consultar opción de colores),Accesorio opcional de tipo nan proveniente de Magento.,Magento Import,,"accesorio-configurador, oculto",TRUE,Title,Default Title,ACC-TAPIZ-CUERO-NATURAL-CONSULTAR-OPCIÓN-DE-COLORES,115000.0,shopify,9999,deny,active
acc--estructura-cromada,nan: Estructura cromada,Accesorio opcional de tipo nan proveniente de Magento.,Magento Import,,"accesorio-configurador, oculto",TRUE,Title,Default Title,ACC-ESTRUCTURA-CROMADA,28000.0,shopify,9999,deny,active
acc-opcional-base-cromada,Opcional: Base Cromada,Accesorio opcional de tipo Opcional proveniente de Magento.,Magento Import,Opcional,"accesorio-configurador, oculto",TRUE,Title,Default Title,ACC-BASE-CROMADA,20000.0,shopify,9999,deny,active
acc--cabecero,nan: Cabecero,Accesorio opcional de tipo nan proveniente de Magento.,Magento Import,,"accesorio-configurador, oculto",TRUE,Title,Default Title,ACC-CABECERO,18800.0,shopify,9999,deny,active
acc--2-cuerpos,nan: 2 Cuerpos,Accesorio opcional de tipo nan proveniente de Magento.,Magento Import,,"accesorio-configurador, oculto",TRUE,Title,Default Title,ACC-2-CUERPOS,57000.0,shopify,9999,deny,active
acc--3-cuerpos,nan: 3 Cuerpos,Accesorio opcional de tipo nan proveniente de Magento.,Magento Import,,"accesorio-configurador, oculto",TRUE,Title,Default Title,ACC-3-CUERPOS,134700.0,shopify,9999,deny,active
acc-asiento-tapizado-cojín-tapizado-en-tela-verona,Asiento tapizado: Cojín tapizado en tela Verona,Accesorio opcional de tipo Asiento tapizado proveniente de Magento.,Magento Import,Asiento tapizado,"accesorio-configurador, oculto",TRUE,Title,Default Title,ACC-COJÍN-TAPIZADO-EN-TELA-VERONA,13000.0,shopify,9999,deny,active
acc--cojín-tapizado-en-tela-nordic,nan: Cojín tapizado en tela Nordic,Accesorio opcional de tipo nan proveniente de Magento.,Magento Import,,"accesorio-configurador, oculto",TRUE,Title,Default Title,ACC-COJÍN-TAPIZADO-EN-TELA-NORDIC,30000.0,shopify,9999,deny,active
acc-opcionales-cabecero,OPCIONALES: Cabecero,Accesorio opcional de tipo OPCIONALES proveniente de Magento.,Magento Import,OPCIONALES,"accesorio-configurador, oculto",TRUE,Title,Default Title,ACC-CABECERO,38000.0,shopify,9999,deny,active
acc--kit-patines-5-unidades,nan: Kit Patines  (5 unidades),Accesorio opcional de tipo nan proveniente de Magento.,Magento Import,,"accesorio-configurador, oculto",TRUE,Title,Default Title,ACC-KIT-PATINES-5-UNIDADES,10500.0,shopify,9999,deny,active
acc--aro-metálico-negro,nan: Aro Metálico negro,Accesorio opcional de tipo nan proveniente de Magento.,Magento Import,,"accesorio-configurador, oculto",TRUE,Title,Default Title,ACC-ARO-METÁLICO-NEGRO,16000.0,shopify,9999,deny,active
acc--estrella-y-aro-cromado,nan: Estrella y Aro Cromado,Accesorio opcional de tipo nan proveniente de Magento.,Magento Import,,"accesorio-configurador, oculto",TRUE,Title,Default Title,ACC-ESTRELLA-Y-ARO-CROMADO,70000.0,shopify,9999,deny,active
acc--cabecero-negro,nan: Cabecero negro ,Accesorio opcional de tipo nan proveniente de Magento.,Magento Import,,"accesorio-configurador, oculto",TRUE,Title,Default Title,ACC-CABECERO-NEGRO,9990.0,shopify,9999,deny,active
acc--3,nan: 3,Accesorio opcional de tipo nan proveniente de Magento.,Magento Import,,"accesorio-configurador, oculto",TRUE,Title,Default Title,ACC-3,52500.0,shopify,9999,deny,active
acc--4,nan: 4,Accesorio opcional de tipo nan proveniente de Magento.,Magento Import,,"accesorio-configurador, oculto",TRUE,Title,Default Title,ACC-4,114000.0,shopify,9999,deny,active
acc--5,nan: 5,Accesorio opcional de tipo nan proveniente de Magento.,Magento Import,,"accesorio-configurador, oculto",TRUE,Title,Default Title,ACC-5,218000.0,shopify,9999,deny,active
acc--6,nan: 6,Accesorio opcional de tipo nan proveniente de Magento.,Magento Import,,"accesorio-configurador, oculto",TRUE,Title,Default Title,ACC-6,307000.0,shopify,9999,deny,active
acc--pata-luna-cromada,nan: Pata Luna Cromada ,Accesorio opcional de tipo nan proveniente de Magento.,Magento Import,,"accesorio-configurador, oculto",TRUE,Title,Default Title,ACC-PATA-LUNA-CROMADA,36000.0,shopify,9999,deny,active
acc--ecocuero-ecolife,nan: Ecocuero Ecolife,Accesorio opcional de tipo nan proveniente de Magento.,Magento Import,,"accesorio-configurador, oculto",TRUE,Title,Default Title,ACC-ECOCUERO-ECOLIFE,22000.0,shopify,9999,deny,active
acc--brazos,nan: Brazos,Accesorio opcional de tipo nan proveniente de Magento.,Magento Import,,"accesorio-configurador, oculto",TRUE,Title,Default Title,ACC-BRAZOS,21600.0,shopify,9999,deny,active
acc--paleta-universitaria,nan: Paleta Universitaria ,Accesorio opcional de tipo nan proveniente de Magento.,Magento Import,,"accesorio-configurador, oculto",TRUE,Title,Default Title,ACC-PALETA-UNIVERSITARIA,28000.0,shopify,9999,deny,active
acc--par-de-brazos,nan: Par de brazos,Accesorio opcional de tipo nan proveniente de Magento.,Magento Import,,"accesorio-configurador, oculto",TRUE,Title,Default Title,ACC-PAR-DE-BRAZOS,20000.0,shopify,9999,deny,active
acc--paleta-universitaria,nan: Paleta Universitaria,Accesorio opcional de tipo nan proveniente de Magento.,Magento Import,,"accesorio-configurador, oculto",TRUE,Title,Default Title,ACC-PALETA-UNIVERSITARIA,28000.0,shopify,9999,deny,active
acc--con-brazos,nan: Con Brazos,Accesorio opcional de tipo nan proveniente de Magento.,Magento Import,,"accesorio-configurador, oculto",TRUE,Title,Default Title,ACC-CON-BRAZOS,21600.0,shopify,9999,deny,active
acc--rejilla-universitaria,nan: Rejilla universitaria ,Accesorio opcional de tipo nan proveniente de Magento.,Magento Import,,"accesorio-configurador, oculto",TRUE,Title,Default Title,ACC-REJILLA-UNIVERSITARIA,15000.0,shopify,9999,deny,active
acc--base-cromada,nan: Base Cromada,Accesorio opcional de tipo nan proveniente de Magento.,Magento Import,,"accesorio-configurador, oculto",TRUE,Title,Default Title,ACC-BASE-CROMADA,23900.0,shopify,9999,deny,active
acc-componentes-adicionales-cabecero,COMPONENTES ADICIONALES: Cabecero ,Accesorio opcional de tipo COMPONENTES ADICIONALES proveniente de Magento.,Magento Import,COMPONENTES ADICIONALES,"accesorio-configurador, oculto",TRUE,Title,Default Title,ACC-CABECERO,15500.0,shopify,9999,deny,active
acc--base-aluminio,nan: Base Aluminio,Accesorio opcional de tipo nan proveniente de Magento.,Magento Import,,"accesorio-configurador, oculto",TRUE,Title,Default Title,ACC-BASE-ALUMINIO,30000.0,shopify,9999,deny,active
acc-base-base-aluminio,Base : Base Aluminio,Accesorio opcional de tipo Base  proveniente de Magento.,Magento Import,Base ,"accesorio-configurador, oculto",TRUE,Title,Default Title,ACC-BASE-ALUMINIO,30000.0,shopify,9999,deny,active
acc--con-brazos-pp,nan: Con brazos pp,Accesorio opcional de tipo nan proveniente de Magento.,Magento Import,,"accesorio-configurador, oculto",TRUE,Title,Default Title,ACC-CON-BRAZOS-PP,14000.0,shopify,9999,deny,active
acc--13-mts-ancho-x-06-mts-profundidad,"nan: 1,3 mts ancho x 0,6 mts profundidad",Accesorio opcional de tipo nan proveniente de Magento.,Magento Import,,"accesorio-configurador, oculto",TRUE,Title,Default Title,ACC-13-MTS-ANCHO-X-06-MTS-PROFUNDIDAD,20000.0,shopify,9999,deny,active
acc--14-mts-ancho-x-06-mts-profundidad,"nan: 1,4 mts Ancho x 0,6 mts Profundidad ",Accesorio opcional de tipo nan proveniente de Magento.,Magento Import,,"accesorio-configurador, oculto",TRUE,Title,Default Title,ACC-14-MTS-ANCHO-X-06-MTS-PROFUNDIDAD,30000.0,shopify,9999,deny,active
acc--15-mts-ancho-x-06-mts-profundidad,"nan: 1,5  mts Ancho x 0,6 mts Profundidad ",Accesorio opcional de tipo nan proveniente de Magento.,Magento Import,,"accesorio-configurador, oculto",TRUE,Title,Default Title,ACC-15-MTS-ANCHO-X-06-MTS-PROFUNDIDAD,40000.0,shopify,9999,deny,active
acc--16-mts-ancho-x-07-mts-profundidad,"nan: 1,6 mts Ancho x 0,7 mts Profundidad ",Accesorio opcional de tipo nan proveniente de Magento.,Magento Import,,"accesorio-configurador, oculto",TRUE,Title,Default Title,ACC-16-MTS-ANCHO-X-07-MTS-PROFUNDIDAD,60000.0,shopify,9999,deny,active
acc--17-mts-ancho-x-07-mts-profundidad,"nan: 1,7 mts Ancho x 0,7 mts Profundidad ",Accesorio opcional de tipo nan proveniente de Magento.,Magento Import,,"accesorio-configurador, oculto",TRUE,Title,Default Title,ACC-17-MTS-ANCHO-X-07-MTS-PROFUNDIDAD,70000.0,shopify,9999,deny,active
acc-opcionales-cajonera-móvil-laminada-3-con-cajones,Opcionales: Cajonera Móvil Laminada 3 con Cajones,Accesorio opcional de tipo Opcionales proveniente de Magento.,Magento Import,Opcionales,"accesorio-configurador, oculto",TRUE,Title,Default Title,ACC-CAJONERA-MÓVIL-LAMINADA-3-CON-CAJONES,205000.0,shopify,9999,deny,active
acc--16-x-15-mts-06x-05-mts-profundidad,"nan: 1,6 x 1,5 mts / 0,6x 0,5 mts Profundidad ",Accesorio opcional de tipo nan proveniente de Magento.,Magento Import,,"accesorio-configurador, oculto",TRUE,Title,Default Title,ACC-16-X-15-MTS-06X-05-MTS-PROFUNDIDAD,25000.0,shopify,9999,deny,active
acc--17-x-16-mts-07x-06-mts-profundidad,"nan: 1,7 x 1,6 mts / 0,7x 0,6 mts Profundidad ",Accesorio opcional de tipo nan proveniente de Magento.,Magento Import,,"accesorio-configurador, oculto",TRUE,Title,Default Title,ACC-17-X-16-MTS-07X-06-MTS-PROFUNDIDAD,50000.0,shopify,9999,deny,active
acc--70-cms-de-diámetro,nan: 70 cms de  Diámetro,Accesorio opcional de tipo nan proveniente de Magento.,Magento Import,,"accesorio-configurador, oculto",TRUE,Title,Default Title,ACC-70-CMS-DE-DIÁMETRO,10000.0,shopify,9999,deny,active
acc--80-cms-de-diámetro,nan: 80 cms de  Diámetro,Accesorio opcional de tipo nan proveniente de Magento.,Magento Import,,"accesorio-configurador, oculto",TRUE,Title,Default Title,ACC-80-CMS-DE-DIÁMETRO,20000.0,shopify,9999,deny,active
acc--90-cms-de-diámetro,nan: 90 cms de  Diámetro,Accesorio opcional de tipo nan proveniente de Magento.,Magento Import,,"accesorio-configurador, oculto",TRUE,Title,Default Title,ACC-90-CMS-DE-DIÁMETRO,30000.0,shopify,9999,deny,active
acc--100-cms-de-diámetro,nan: 100 cms de  Diámetro,Accesorio opcional de tipo nan proveniente de Magento.,Magento Import,,"accesorio-configurador, oculto",TRUE,Title,Default Title,ACC-100-CMS-DE-DIÁMETRO,40000.0,shopify,9999,deny,active
acc--3,nan: 3,Accesorio opcional de tipo nan proveniente de Magento.,Magento Import,,"accesorio-configurador, oculto",TRUE,Title,Default Title,ACC-3,60000.0,shopify,9999,deny,active
acc--4,nan: 4,Accesorio opcional de tipo nan proveniente de Magento.,Magento Import,,"accesorio-configurador, oculto",TRUE,Title,Default Title,ACC-4,130000.0,shopify,9999,deny,active
acc--base-aluminio-piston-140-mm,nan: Base Aluminio + Piston 140 mm,Accesorio opcional de tipo nan proveniente de Magento.,Magento Import,,"accesorio-configurador, oculto",TRUE,Title,Default Title,ACC-BASE-ALUMINIO-PISTON-140-MM,55000.0,shopify,9999,deny,active
acc--2-brazos-mas-paleta,nan: 2 Brazos mas paleta,Accesorio opcional de tipo nan proveniente de Magento.,Magento Import,,"accesorio-configurador, oculto",TRUE,Title,Default Title,ACC-2-BRAZOS-MAS-PALETA,17000.0,shopify,9999,deny,active
acc--con-cabecero,nan: Con cabecero,Accesorio opcional de tipo nan proveniente de Magento.,Magento Import,,"accesorio-configurador, oculto",TRUE,Title,Default Title,ACC-CON-CABECERO,11000.0,shopify,9999,deny,active
acc--60-cm,nan: 60 CM,Accesorio opcional de tipo nan proveniente de Magento.,Magento Import,,"accesorio-configurador, oculto",TRUE,Title,Default Title,ACC-60-CM,15000.0,shopify,9999,deny,active
acc--100-cm,nan: 100 CM,Accesorio opcional de tipo nan proveniente de Magento.,Magento Import,,"accesorio-configurador, oculto",TRUE,Title,Default Title,ACC-100-CM,90000.0,shopify,9999,deny,active
acc--base-estrellaruedas,nan: Base estrella/ruedas,Accesorio opcional de tipo nan proveniente de Magento.,Magento Import,,"accesorio-configurador, oculto",TRUE,Title,Default Title,ACC-BASE-ESTRELLARUEDAS,18000.0,shopify,9999,deny,active
acc--2-cuerpos,nan: 2 Cuerpos,Accesorio opcional de tipo nan proveniente de Magento.,Magento Import,,"accesorio-configurador, oculto",TRUE,Title,Default Title,ACC-2-CUERPOS,192000.0,shopify,9999,deny,active
acc--3-cuerpos,nan: 3 Cuerpos,Accesorio opcional de tipo nan proveniente de Magento.,Magento Import,,"accesorio-configurador, oculto",TRUE,Title,Default Title,ACC-3-CUERPOS,353000.0,shopify,9999,deny,active
acc-extras-cabecero,Extras: Cabecero,Accesorio opcional de tipo Extras proveniente de Magento.,Magento Import,Extras,"accesorio-configurador, oculto",TRUE,Title,Default Title,ACC-CABECERO,25000.0,shopify,9999,deny,active
