Parent_SKU,Accessory_Group,Accessory_Title,Accessory_Handle
VC15,,Patas Cromadas,acc--patas-cromadas
VC15,,Brazos plásticos negros con Pad negro (Revolution 20-21),acc--brazos-plásticos-negros-con-pad-negro-revolution-20-21
VC25,,Diametro 100 CM,acc--diametro-100-cm
VC04,,3,acc--3
VC04,,4,acc--4
VC04,,5,acc--5
VC05,,3 Cuerpos,acc--3-cuerpos
VC05,,4 Cuerpos,acc--4-cuerpos
VC05,,5 Cuerpos,acc--5-cuerpos
VC05,Accesorio,Revistero,acc-accesorio-revistero
VC06,,3,acc--3
VC06,,4,acc--4
VC06,,5,acc--5
VC06,Accesorio,Revistero,acc-accesorio-revistero
VC07,,3 Cuerpos,acc--3-cuerpos
VC07,,4 Cuerpos,acc--4-cuerpos
VC07,,5 Cuerpos,acc--5-cuerpos
VC09,,3 Cuerpos,acc--3-cuerpos
VC09,,4 Cuerpos,acc--4-cuerpos
VC09,,5 Cuerpos,acc--5-cuerpos
VC09,ACCESORIOS,Par Brazos aluminio barnizado negro con Pad Negro ,acc-accesorios-par-brazos-aluminio-barnizado-negro-con-pad-negro
VC09,,Par Brazos aluminio pulido Pad Negro,acc--par-brazos-aluminio-pulido-pad-negro
VC09,,Par Brazos aluminio pulido Pad blanco,acc--par-brazos-aluminio-pulido-pad-blanco
VC09,,Revistero,acc--revistero
VC10,,3 Cuerpos,acc--3-cuerpos
VC10,,4 Cuerpos,acc--4-cuerpos
VC10,,5 Cuerpos,acc--5-cuerpos
VC10,Accesorio,Revistero,acc-accesorio-revistero
VC11,,3,acc--3
VC11,,4,acc--4
VC11,,5,acc--5
VC11,,Pata Luna Cromada,acc--pata-luna-cromada
VC98,,3,acc--3
VC98,,4,acc--4
VC98,Tapiz Lavable Ecoclean,Nordic 2 Cuerpos,acc-tapiz-lavable-ecoclean-nordic-2-cuerpos
VC98,,Nordic 3 Cuerpos,acc--nordic-3-cuerpos
VC98,,Nordic 4 Cuerpos,acc--nordic-4-cuerpos
VC99,,3,acc--3
VC99,,4,acc--4
VC99,,5,acc--5
VC100,,3,acc--3
VC100,,4,acc--4
VC100,,5,acc--5
VC100,Accesorio,Revistero,acc-accesorio-revistero
VC101,,3,acc--3
VC101,,4,acc--4
VC101,,5,acc--5
VC101,Accesorio,Revistero,acc-accesorio-revistero
VC102,,3,acc--3
VC102,,4,acc--4
VC106,,3,acc--3
VC106,,4,acc--4
VC106,,5,acc--5
VC107,,3 Cuerpos,acc--3-cuerpos
VC107,,4 Cuerpos,acc--4-cuerpos
VC107,,5 Cuerpos,acc--5-cuerpos
VC108,,3 Cuerpos,acc--3-cuerpos
VC109,Accesorios,Patínes Negros en vez de ruedas,acc-accesorios-patínes-negros-en-vez-de-ruedas
VC109,,Ruedas Desmopán,acc--ruedas-desmopán
VC109,,Aro Cromado,acc--aro-cromado
VC109,,Brazos Regulables ,acc--brazos-regulables
VC113,,Aro Cromado,acc--aro-cromado
VC113,,Nordic,acc--nordic
VC114,,Brazos fijo PP,acc--brazos-fijo-pp
VC114,,Brazos Regulables Fritz en PP,acc--brazos-regulables-fritz-en-pp
VC114,Opcional,Aro cromado,acc-opcional-aro-cromado
VC114,,Ruedas Desmopan 50mm (Para Piso Flotante),acc--ruedas-desmopan-50mm-para-piso-flotante
VC114,,Nordic,acc--nordic
VC116,Accesorios,Patín Negro,acc-accesorios-patín-negro
VC116,,Brazo Regulable ,acc--brazo-regulable
VC116,,Aro Cromado,acc--aro-cromado
VC119,,Brazos Fijos Golf PP,acc--brazos-fijos-golf-pp
VC119,,Brazos Regulables Fritz en PP,acc--brazos-regulables-fritz-en-pp
VC119,,Brazos Regulables 2D PU,acc--brazos-regulables-2d-pu
VC119,Opcional,Ruedas Desmopan 50mm,acc-opcional-ruedas-desmopan-50mm
VC119,,Aro Cromado,acc--aro-cromado
VC119,,Nordic,acc--nordic
VC117,,Pata Cromada,acc--pata-cromada
VC121,,Pata Cromada,acc--pata-cromada
VC121,Brazo,Incluir Brazo Opuesto a Paleta,acc-brazo-incluir-brazo-opuesto-a-paleta
VC111,,Pata Color Gris ,acc--pata-color-gris
VC111,,Pata Cromada,acc--pata-cromada
VC111,,Patas Trineo Cromado,acc--patas-trineo-cromado
VC20,,Nordic,acc--nordic
VC136,,2 Cuerpo,acc--2-cuerpo
VC136,,3 Cuerpo,acc--3-cuerpo
VC137,,2 Cuerpo,acc--2-cuerpo
VC137,,3 Cuerpo,acc--3-cuerpo
VC137,Tapiz,Ecoclean Lavable Antimancha para 1 cuerpo,acc-tapiz-ecoclean-lavable-antimancha-para-1-cuerpo
VC137,,Ecoclean Lavable Antimancha para 2 cuerpos,acc--ecoclean-lavable-antimancha-para-2-cuerpos
VC137,,Ecoclean Lavable Antimancha para 3 cuerpos,acc--ecoclean-lavable-antimancha-para-3-cuerpos
VC139,,2 Cuerpos,acc--2-cuerpos
VC139,,3 Cuerpos,acc--3-cuerpos
VC143,,Par de Brazos Iso,acc--par-de-brazos-iso
VC143,,Estructura Gris ,acc--estructura-gris
VC143,,Estructura Cromada,acc--estructura-cromada
VC144,,Par de Brazos ,acc--par-de-brazos
VC144,,Patas Cromadas,acc--patas-cromadas
VC144,,Estructura Trineo Cromado,acc--estructura-trineo-cromado
VC146,,Estructura Gris ,acc--estructura-gris
VC146,,Estructura Cromada,acc--estructura-cromada
VC146,,Par Brazos Iso,acc--par-brazos-iso
VC158,Opcional,Cabecero ,acc-opcional-cabecero
VC158,,Base Cromada,acc--base-cromada
VC158,,Base Aluminio,acc--base-aluminio
VC160,Opcional,Cabecero,acc-opcional-cabecero
VC160,,Base cromada ,acc--base-cromada
VC160,,Base Aluminio,acc--base-aluminio
VC161,Opcional,Cabecero,acc-opcional-cabecero
VC161,,Base cromada ,acc--base-cromada
VC166,,Base Cromada,acc--base-cromada
VC166,,Base Aluminio,acc--base-aluminio
VC166,,Brazo Regulable ,acc--brazo-regulable
VC168,Opcional,Cabecero,acc-opcional-cabecero
VC168,,Base Cromada 600,acc--base-cromada-600
VC168,,Base Aluminio,acc--base-aluminio
VC172,Accesorio,Base Aluminio,acc-accesorio-base-aluminio
VC172,,Ruedas Desmopan (Para Piso Flotante),acc--ruedas-desmopan-para-piso-flotante
VC172,,Desplazador de Asiento en Profundidad,acc--desplazador-de-asiento-en-profundidad
VC173,,Base Aluminio,acc--base-aluminio
VC173,,Brazos Regulables 3D PU,acc--brazos-regulables-3d-pu
VC173,Opcional,Ruedas Desmopan (Para Piso Flotante),acc-opcional-ruedas-desmopan-para-piso-flotante
VC173,,Desplazador de Asiento,acc--desplazador-de-asiento
VC173,,Cabecero,acc--cabecero
VC173,,Eco Clean,acc--eco-clean
VC178,,Base Aluminio ,acc--base-aluminio
VC178,Opcional,Mecanismo 4 posiciones de bloqueo,acc-opcional-mecanismo-4-posiciones-de-bloqueo
VC178,,Ruedas Desmopan 50mm (Para Piso Flotante),acc--ruedas-desmopan-50mm-para-piso-flotante
VC178,,Desplazador de Asiento,acc--desplazador-de-asiento
VC178,,Cabecero,acc--cabecero
VC178,,Brazo Regulable 3D PU,acc--brazo-regulable-3d-pu
VC178,,C-Soft,acc--c-soft
VC184,Patas,Base Aluminio ,acc-patas-base-aluminio
VC184,,Brazos Regulables en 3D PU,acc--brazos-regulables-en-3d-pu
VC184,OPCIONALES,Mecanismo con 4 Posiciones de Bloqueo,acc-opcionales-mecanismo-con-4-posiciones-de-bloqueo
VC184,,Ruedas Desmopan Goma 65mm (Para Piso Flotante),acc--ruedas-desmopan-goma-65mm-para-piso-flotante
VC184,,Desplazador de Asiento,acc--desplazador-de-asiento
VC184,,Cabecero,acc--cabecero
VC184,,C-Soft,acc--c-soft
VC185,,Base cromada ,acc--base-cromada
VC185,,Brazo Regulable en PP,acc--brazo-regulable-en-pp
VC185,,Brazo Regulable 2D,acc--brazo-regulable-2d
VC185,Opcional,Desplazador de Asiento,acc-opcional-desplazador-de-asiento
VC185,,Mecanismo con 4 Posiciones de Bloqueo,acc--mecanismo-con-4-posiciones-de-bloqueo
VC185,,Ruedas Desmopán 50 mm (Para Piso Flotante),acc--ruedas-desmopán-50-mm-para-piso-flotante
VC185,,C-Soft,acc--c-soft
VC187,,Base Cromada,acc--base-cromada
VC187,,Brazos Fijos Golf PP,acc--brazos-fijos-golf-pp
VC187,,Brazos Regulables Fritz PP,acc--brazos-regulables-fritz-pp
VC187,,Brazos Regulables Vento en PU,acc--brazos-regulables-vento-en-pu
VC187,,Nordic,acc--nordic
VC188,,Base Cromada,acc--base-cromada
VC188,,Brazos Fijos Golf PP,acc--brazos-fijos-golf-pp
VC188,,Brazos Regulables Fritz PP,acc--brazos-regulables-fritz-pp
VC188,,Brazos Regulables en TPU,acc--brazos-regulables-en-tpu
VC188,,Nordic,acc--nordic
VC189,,Base Cromada,acc--base-cromada
VC189,,Brazos Regulables Fritz PP,acc--brazos-regulables-fritz-pp
VC189,,Brazos Regulables 2D  TPU,acc--brazos-regulables-2d-tpu
VC189,,Nordic,acc--nordic
VC189,OPCIONALES ,Ruedas Desmopan ,acc-opcionales-ruedas-desmopan
VC190,,Base Cromada,acc--base-cromada
VC190,,Brazos Regulables Fritz PP,acc--brazos-regulables-fritz-pp
VC190,,Brazos Regulables 2D TPU,acc--brazos-regulables-2d-tpu
VC190,,Nordic,acc--nordic
VC195,,Brazo Regulable ,acc--brazo-regulable
VC197,,Base Cromada,acc--base-cromada
VC197,,Base Aluminio,acc--base-aluminio
VC197,,Brazo Regulable ,acc--brazo-regulable
VC199,,Base Cromada,acc--base-cromada
VC199,,Base Aluminio,acc--base-aluminio
VC199,,Brazo Regulable,acc--brazo-regulable
VC201,,Alto,acc--alto
VC203,,Base Cromada,acc--base-cromada
VC203,,Base Aluminio,acc--base-aluminio
VC203,,Brazo Regulable,acc--brazo-regulable
VC212,Opcional,Ruedas Desmopan 50mm,acc-opcional-ruedas-desmopan-50mm
VC214,,Base Cromada,acc--base-cromada
VC214,,Base Aluminio,acc--base-aluminio
VC214,,Brazo Fijo BRC 24,acc--brazo-fijo-brc-24
VC214,,Brazo Regulable BRC 28 PP Estructura Negra,acc--brazo-regulable-brc-28-pp-estructura-negra
VC214,,Brazo Regulable BRC 19 CR Estructura Aluminio,acc--brazo-regulable-brc-19-cr-estructura-aluminio
VC222,,Brazo Regulable,acc--brazo-regulable
VC218,,Brazos fijos Golf,acc--brazos-fijos-golf
VC218,,Brazos regulables fritz en PP ,acc--brazos-regulables-fritz-en-pp
VC218,,Brazos regulables 2D en PU ,acc--brazos-regulables-2d-en-pu
VC218,,Nordic,acc--nordic
VC218,Patas ,Base cromada ,acc-patas-base-cromada
VC219,,Base Cromada,acc--base-cromada
VC219,,Brazos Fijos Golf PP,acc--brazos-fijos-golf-pp
VC219,,Brazos Regulables Fritz PP,acc--brazos-regulables-fritz-pp
VC219,,Brazos Regulables 2D PU,acc--brazos-regulables-2d-pu
VC219,,Nordic,acc--nordic
VC223,,Base Cromada,acc--base-cromada
VC223,,Brazos Fijos PP,acc--brazos-fijos-pp
VC223,,Brazos Regulables PP,acc--brazos-regulables-pp
VC223,,Nordic,acc--nordic
VC224,,Base Cromada,acc--base-cromada
VC224,,Brazos Fijos PP,acc--brazos-fijos-pp
VC224,,Brazos Regulables PP,acc--brazos-regulables-pp
VC224,,Nordic,acc--nordic
VC230,,Patas Cromadas,acc--patas-cromadas
VC230,,Estructura Trineo Cromado,acc--estructura-trineo-cromado
VC230,,Brazos Fijos ,acc--brazos-fijos
VC231,,Patas Cromadas,acc--patas-cromadas
VC231,,Brazos Fijos  ,acc--brazos-fijos
VC232,,Brazos Fijos,acc--brazos-fijos
VC240,,Brazos Fijos,acc--brazos-fijos
VC240,,Eco Clean,acc--eco-clean
VC235,,Trineo cromado,acc--trineo-cromado
VC237,,Patas Cromadas,acc--patas-cromadas
VC237,,Brazos Plásticos Negros con Pad Negro,acc--brazos-plásticos-negros-con-pad-negro
VC239,,Patas Grises   ,acc--patas-grises
VC239,,Patas Cromadas,acc--patas-cromadas
VC239,,Brazos Fijos,acc--brazos-fijos
VC241,,Patas Grises.  ,acc--patas-grises
VC241,,Patas Cromadas,acc--patas-cromadas
VC241,,Brazos Fijos,acc--brazos-fijos
VC241,,Paleta Nacional Universitaria,acc--paleta-nacional-universitaria
VC242,,Patas Cromadas,acc--patas-cromadas
VC242,,Estructura Trineo Cromada,acc--estructura-trineo-cromada
VC242,,Brazos Fijos,acc--brazos-fijos
VC243,,Patas Cromadas,acc--patas-cromadas
VC243,,Estructura Trineo Cromada,acc--estructura-trineo-cromada
VC243,,Brazos Fijos,acc--brazos-fijos
VC246,,Par de Brazos,acc--par-de-brazos
VC246,,Nordic,acc--nordic
VC249,,Par de Brazos,acc--par-de-brazos
VC249,,Nordic,acc--nordic
VC259,,Nordic,acc--nordic
VC260,,Nordic,acc--nordic
VC263,Opcional,Ruedas Desmopan 65mm (Para Piso Flotante),acc-opcional-ruedas-desmopan-65mm-para-piso-flotante
VC268,Accesorios,Apoyo Lumbar,acc-accesorios-apoyo-lumbar
VC268,,Perchero ,acc--perchero
VC268,,Cabecero Ancho Malla Negro,acc--cabecero-ancho-malla-negro
VC287,Opcionales ,Cabecero Ancho Malla Fijo ,acc-opcionales-cabecero-ancho-malla-fijo
VC287,,Apoyo Lumbar ,acc--apoyo-lumbar
VC291,,Base Cromada,acc--base-cromada
VC291,,Base Aluminio,acc--base-aluminio
VC291,,Brazo Regulable,acc--brazo-regulable
VC292,,Base Cromada,acc--base-cromada
VC292,,Base Aluminio,acc--base-aluminio
VC292,,Brazo Regulable ,acc--brazo-regulable
VC293,,Base Cromada,acc--base-cromada
VC293,,Base Aluminio,acc--base-aluminio
VC293,,Brazo Fijo BRC 24,acc--brazo-fijo-brc-24
VC293,,Brazo Regulable BRC 28 PP,acc--brazo-regulable-brc-28-pp
VC293,,Brazo Regulable BRC 19 CR,acc--brazo-regulable-brc-19-cr
VC264,Opcional,Ruedas Desmopan 65mm (Para Piso Flotante),acc-opcional-ruedas-desmopan-65mm-para-piso-flotante
VC322,,Si,acc--si
VC323,,Si,acc--si
VC359,Opciones extra,Cabecero,acc-opciones-extra-cabecero
VC359,,Desplazador ,acc--desplazador
VC374,,Cojines Tapizados en Cuero Italiano,acc--cojines-tapizados-en-cuero-italiano
VC376,COMPONENTE ADICIONAL,Base Aluminio ,acc-componente-adicional-base-aluminio
VC376,,Rueda Desmopan ,acc--rueda-desmopan
VC378,Opcional,Cabecero,acc-opcional-cabecero
VC384,,3 Cuerpos,acc--3-cuerpos
VC384,,4 Cuerpos,acc--4-cuerpos
VC384,,5 Cuerpos,acc--5-cuerpos
VC384,,Pata Y invertida Aluminio pulido,acc--pata-y-invertida-aluminio-pulido
VC384,Accesorio,Revistero,acc-accesorio-revistero
VC386,,Patas Cromadas,acc--patas-cromadas
VC386,Brazo,Incluir Brazo Opuesto a Paleta,acc-brazo-incluir-brazo-opuesto-a-paleta
VC387,,Pata Cromada,acc--pata-cromada
VC387,,Patas Trineo Cromado,acc--patas-trineo-cromado
VC388,,Pata Cromada,acc--pata-cromada
VC388,,Patas Trineo Cromado,acc--patas-trineo-cromado
VC391,,3,acc--3
VC391,,4,acc--4
VC391,,5,acc--5
VC391,,6,acc--6
VC392,,3,acc--3
VC392,,4,acc--4
VC392,,5,acc--5
VC392,,6,acc--6
VC395,,3 Cuerpos,acc--3-cuerpos
VC395,,4 Cuerpos,acc--4-cuerpos
VC395,,5 Cuerpos,acc--5-cuerpos
VC395,,Pata Split,acc--pata-split
VC395,,Pata Split Cromada,acc--pata-split-cromada
VC396,,3,acc--3
VC396,,4,acc--4
VC396,,5,acc--5
VC396,,6,acc--6
VC396,,Pata Luna cromada,acc--pata-luna-cromada
VC396,,Blanco,acc--blanco
VC397,,Con rejilla,acc--con-rejilla
VC400,,Con Rejilla Universittaria,acc--con-rejilla-universittaria
VC403,,3,acc--3
VC403,,4,acc--4
VC403,,5,acc--5
VC403,,6,acc--6
VC403,,Blanco,acc--blanco
VC404,,3,acc--3
VC404,,4,acc--4
VC404,,5,acc--5
VC404,,6,acc--6
VC404,,Blanco,acc--blanco
VC405,,3,acc--3
VC405,,4,acc--4
VC405,,5,acc--5
VC405,,6,acc--6
VC405,,Blanco,acc--blanco
VC405,,Pata luna cromada ,acc--pata-luna-cromada
VC405,,Pata split cromada,acc--pata-split-cromada
VC405,EXTRA,Revistero ,acc-extra-revistero
VC406,,3,acc--3
VC406,,4,acc--4
VC406,,5,acc--5
VC406,,6,acc--6
VC406,,pata luna cromada,acc--pata-luna-cromada
VC406,,pata split cromada ,acc--pata-split-cromada
VC414,Adicionales,Cabecero,acc-adicionales-cabecero
VC417,,Con Brazos,acc--con-brazos
VC418,,Con Brazos,acc--con-brazos
VC419,,Con Brazos,acc--con-brazos
VC420,,4 Patas Cromadas,acc--4-patas-cromadas
VC423,,Si,acc--si
VC423,Opcionales ,Ruedas desmopan ,acc-opcionales-ruedas-desmopan
VC425,,Si,acc--si
VC427,,Par de Brazos Negros,acc--par-de-brazos-negros
VC427,,Nordic,acc--nordic
VC428,,Par de Brazos Negros,acc--par-de-brazos-negros
VC428,,Nordic,acc--nordic
VC429,,Par de Brazos Negros,acc--par-de-brazos-negros
VC429,,Nordic,acc--nordic
VC430,,Par de Brazos Negros,acc--par-de-brazos-negros
VC431,,120 cm Ancho x 60 cm Profundidad,acc--120-cm-ancho-x-60-cm-profundidad
VC431,,130 cm Ancho x 60 cm Profundidad,acc--130-cm-ancho-x-60-cm-profundidad
VC431,,140 cm Ancho x 60 cm Profundidad,acc--140-cm-ancho-x-60-cm-profundidad
VC431,,150 cm Ancho x 60 cm Profundidad,acc--150-cm-ancho-x-60-cm-profundidad
VC431,,160 cm Ancho x 60 cm Profundidad,acc--160-cm-ancho-x-60-cm-profundidad
VC431,,170 cm Ancho x 60 cm Profundidad,acc--170-cm-ancho-x-60-cm-profundidad
VC434,Opcion Cuero Natural,Color a Eleccion,acc-opcion-cuero-natural-color-a-eleccion
VC435,,Base Cromada,acc--base-cromada
VC438,Opcional,Tapiz Cuero Natural (Consultar Colores Disponibles),acc-opcional-tapiz-cuero-natural-consultar-colores-disponibles
VC439,Opcional,Tapiz Cuero Natural (Consultar Colores Disponibles),acc-opcional-tapiz-cuero-natural-consultar-colores-disponibles
VC442,,Par de Brazos Negros,acc--par-de-brazos-negros
VC443,,Par de Brazos Negros,acc--par-de-brazos-negros
VC443,,Nordic,acc--nordic
VC444,,Ancho 39cm x Profundidad 50cm x Altura 60cm,acc--ancho-39cm-x-profundidad-50cm-x-altura-60cm
VC447,,Con Cubierta Metálica,acc--con-cubierta-metálica
VC448,,"1,3 mts Ancho x 60 cm Profundidad",acc--13-mts-ancho-x-60-cm-profundidad
VC448,,"1,4 mts Ancho x 60 cm Profundidad",acc--14-mts-ancho-x-60-cm-profundidad
VC448,,"1,5 mts Ancho x 70 cm Profundidad",acc--15-mts-ancho-x-70-cm-profundidad
VC448,,"1,6 mts Ancho x 70 cm Profundidad",acc--16-mts-ancho-x-70-cm-profundidad
VC448,,"1,7 mts Ancho x 70 cm Profundidad",acc--17-mts-ancho-x-70-cm-profundidad
VC448,Opcionales,2 Cajoneras Móvil Laminada 3 Cajones,acc-opcionales-2-cajoneras-móvil-laminada-3-cajones
VC449,,"2,6 mts Ancho x 1,2 mts Profundidad (Puesto de 1,3 mts ancho por 60 cm profundidad)",acc--26-mts-ancho-x-12-mts-profundidad-puesto-de-13-mts-ancho-por-60-cm-profundidad
VC449,,"2,8 mts Ancho x 1,2 mts Profundidad (Puesto de 1,4 mts ancho por 60 cm profundidad)",acc--28-mts-ancho-x-12-mts-profundidad-puesto-de-14-mts-ancho-por-60-cm-profundidad
VC449,,"3,0 mts Ancho x 1,4 mts Profundidad (Puesto de 1,5 mts ancho por 70 cm profundidad)",acc--30-mts-ancho-x-14-mts-profundidad-puesto-de-15-mts-ancho-por-70-cm-profundidad
VC449,,"3,2 mts Ancho x 1,4 mts Profundidad (Puesto de 1,6 mts ancho por 70 cm profundidad)",acc--32-mts-ancho-x-14-mts-profundidad-puesto-de-16-mts-ancho-por-70-cm-profundidad
VC449,,"3,4 mts Ancho x 1,4 mts Profundidad (Puesto de 1,7 mts ancho por 70 cm profundidad)",acc--34-mts-ancho-x-14-mts-profundidad-puesto-de-17-mts-ancho-por-70-cm-profundidad
VC449,Opcionales,4 Cajoneras Móvil Laminada 3 con Cajones,acc-opcionales-4-cajoneras-móvil-laminada-3-con-cajones
VC450,,"3,9 mts Ancho x 1,2 mts Profundidad (Puesto de 1,3 mts ancho por 60cm profundidad)",acc--39-mts-ancho-x-12-mts-profundidad-puesto-de-13-mts-ancho-por-60cm-profundidad
VC450,,"4,2 mts Ancho x 1,2 mts Profundidad (Puesto de 1,4 mts ancho por 60cm profundidad)",acc--42-mts-ancho-x-12-mts-profundidad-puesto-de-14-mts-ancho-por-60cm-profundidad
VC450,,"4,5 mts Ancho x 1,4 mts Profundidad (Puesto de 1,5 mts ancho por 70cm profundidad)",acc--45-mts-ancho-x-14-mts-profundidad-puesto-de-15-mts-ancho-por-70cm-profundidad
VC450,,"4,8 mts Ancho x 1,4 mts Profundidad (Puesto de 1,6 mts ancho por 70cm profundidad)",acc--48-mts-ancho-x-14-mts-profundidad-puesto-de-16-mts-ancho-por-70cm-profundidad
VC450,,"5,1 mts Ancho x 1,4 mts Profundidad (Puesto de 1,7 mts ancho por 70cm profundidad)",acc--51-mts-ancho-x-14-mts-profundidad-puesto-de-17-mts-ancho-por-70cm-profundidad
VC450,Opcionales,Pack 6 Cajoneras Móvil Laminada 3 con Cajones,acc-opcionales-pack-6-cajoneras-móvil-laminada-3-con-cajones
VC451,,"1,3 mts Ancho x 60 cm Profundidad",acc--13-mts-ancho-x-60-cm-profundidad
VC451,,"1,4 mts Ancho x 60 cm Profundidad",acc--14-mts-ancho-x-60-cm-profundidad
VC451,,"1,5 mts Ancho x 70 cm Profundidad",acc--15-mts-ancho-x-70-cm-profundidad
VC451,,"1,6 mts Ancho x 70 cm Profundidad",acc--16-mts-ancho-x-70-cm-profundidad
VC451,,"1,7 mts Ancho x 70 cm Profundidad",acc--17-mts-ancho-x-70-cm-profundidad
VC451,Opcionales,2 Cajoneras Móvil Laminada 3 Cajones,acc-opcionales-2-cajoneras-móvil-laminada-3-cajones
VC452,,"2,6 mts Ancho x 1,2 mts Profundidad (Puesto de 1,3 mts ancho por 60 cm profundidad)",acc--26-mts-ancho-x-12-mts-profundidad-puesto-de-13-mts-ancho-por-60-cm-profundidad
VC452,,"2,8 mts Ancho x 1,2 mts Profundidad (Puesto de 1,4 mts ancho por 60 cm profundidad)",acc--28-mts-ancho-x-12-mts-profundidad-puesto-de-14-mts-ancho-por-60-cm-profundidad
VC452,,"3,0 mts Ancho x 1,4 mts Profundidad (Puesto de 1,5 mts ancho por 70 cm profundidad)",acc--30-mts-ancho-x-14-mts-profundidad-puesto-de-15-mts-ancho-por-70-cm-profundidad
VC452,,"3,2 mts Ancho x 1,4 mts Profundidad (Puesto de 1,6 mts ancho por 70 cm profundidad)",acc--32-mts-ancho-x-14-mts-profundidad-puesto-de-16-mts-ancho-por-70-cm-profundidad
VC452,,"3,4 mts Ancho x 1,4 mts Profundidad (Puesto de 1,7 mts ancho por 70 cm profundidad)",acc--34-mts-ancho-x-14-mts-profundidad-puesto-de-17-mts-ancho-por-70-cm-profundidad
VC452,Opcionales,4 Cajoneras Móvil Laminada 3 con Cajones,acc-opcionales-4-cajoneras-móvil-laminada-3-con-cajones
VC453,,"3,9 mts Ancho x 1,2 mts Profundidad (Puesto de 1,3 mts ancho por 60cm profundidad)",acc--39-mts-ancho-x-12-mts-profundidad-puesto-de-13-mts-ancho-por-60cm-profundidad
VC453,,"4,2 mts Ancho x 1,2 mts Profundidad (Puesto de 1,4 mts ancho por 60cm profundidad)",acc--42-mts-ancho-x-12-mts-profundidad-puesto-de-14-mts-ancho-por-60cm-profundidad
VC453,,"4,5 mts Ancho x 1,4 mts Profundidad (Puesto de 1,5 mts ancho por 70cm profundidad)",acc--45-mts-ancho-x-14-mts-profundidad-puesto-de-15-mts-ancho-por-70cm-profundidad
VC453,,"4,8 mts Ancho x 1,4 mts Profundidad (Puesto de 1,6 mts ancho por 70cm profundidad)",acc--48-mts-ancho-x-14-mts-profundidad-puesto-de-16-mts-ancho-por-70cm-profundidad
VC453,,"5,1 mts Ancho x 1,4 mts Profundidad (Puesto de 1,7 mts ancho por 70cm profundidad)",acc--51-mts-ancho-x-14-mts-profundidad-puesto-de-17-mts-ancho-por-70cm-profundidad
VC453,Opcionales,Pack 6 Cajoneras Móvil Laminada 3 con Cajones,acc-opcionales-pack-6-cajoneras-móvil-laminada-3-con-cajones
VC454,,Blanco,acc--blanco
VC456,,3,acc--3
VC456,,4,acc--4
VC456,,5,acc--5
VC456,,6,acc--6
VC456,,Blanco,acc--blanco
VC466,,3,acc--3
VC466,,4,acc--4
VC466,,Nordic 2 cuerpos,acc--nordic-2-cuerpos
VC466,,Nordic 3 cuerpos,acc--nordic-3-cuerpos
VC466,,Nordic 4 cuerpos,acc--nordic-4-cuerpos
VC479,,Aro Cromado ,acc--aro-cromado
VC479,,Nordic,acc--nordic
VC480,,Base Aluminio,acc--base-aluminio
VC480,,Brazos Regulables 3D en PU,acc--brazos-regulables-3d-en-pu
VC480,OPCIONALES,Ruedas Desmopan (Para Piso Flotante),acc-opcionales-ruedas-desmopan-para-piso-flotante
VC480,,Cabecero ,acc--cabecero
VC480,,Desplazador de Asiento,acc--desplazador-de-asiento
VC480,,Nordic,acc--nordic
VC481,,Brazo Fijo ,acc--brazo-fijo
VC481,Opcional,Ruedas Desmopán 50 mm (Para Piso Flotante),acc-opcional-ruedas-desmopán-50-mm-para-piso-flotante
VC481,,Nordic,acc--nordic
VC492,BASE,Base Cromada,acc-base-base-cromada
VC502,Opcionales,Cabecero y colgador,acc-opcionales-cabecero-y-colgador
VC503,,2 Cuerpo,acc--2-cuerpo
VC503,,3 Cuerpo,acc--3-cuerpo
VC503,Tapiz,Ecoclean Lavable Antimancha para 1 cuerpo,acc-tapiz-ecoclean-lavable-antimancha-para-1-cuerpo
VC503,,Ecoclean Lavable Antimancha para 2 cuerpos,acc--ecoclean-lavable-antimancha-para-2-cuerpos
VC503,,Ecoclean Lavable Antimancha para 3 cuerpos,acc--ecoclean-lavable-antimancha-para-3-cuerpos
VC505,Opcionales ,Cabecero Malla Fijo ,acc-opcionales-cabecero-malla-fijo
VC470,Opcionales,Cabecero,acc-opcionales-cabecero
VC470,,Base Cromada ,acc--base-cromada
VC470,,Base Aluminio,acc--base-aluminio
VC586,,Base Cromada,acc--base-cromada
VC586,,Cabecero,acc--cabecero
VC612,,Base Cromada,acc--base-cromada
VC612,,Base Aluminio Pulido,acc--base-aluminio-pulido
VC612,Brazos,Brazo Regulable PP 2D,acc-brazos-brazo-regulable-pp-2d
VC612,,Brazo Regulable 3D PU,acc--brazo-regulable-3d-pu
VC612,Extras,Cabecero,acc-extras-cabecero
VC637,opcional,Base Aluminio,acc-opcional-base-aluminio
VC637,,Cabecero,acc--cabecero
VC637,,Mecanismo 4 posiciones de bloqueo,acc--mecanismo-4-posiciones-de-bloqueo
VC637,,Ruedas desmopan,acc--ruedas-desmopan
VC641,,Brazos Fijos en PP,acc--brazos-fijos-en-pp
VC641,,Brazos Regulables pp,acc--brazos-regulables-pp
VC641,,Brazos Regulables 2D en TPU,acc--brazos-regulables-2d-en-tpu
VC641,,Aro Cromado,acc--aro-cromado
VC643,,Con Brazos,acc--con-brazos
VC645,,Con Brazos,acc--con-brazos
VC648,,Si,acc--si
VC662,,Sincrónico/ / Brazos 3D,acc--sincrónico-brazos-3d
VC662,OPCIONALES,Cabecero,acc-opcionales-cabecero
VC663,OPCIONAL,Cabecero ,acc-opcional-cabecero
VC664,,3 Cuerpos,acc--3-cuerpos
VC664,,4 Cuerpos,acc--4-cuerpos
VC664,,5 Cuerpos,acc--5-cuerpos
VC664,Accesorio,Revistero,acc-accesorio-revistero
VC665,,Patas cromadas ,acc--patas-cromadas
VC665,,Brazos fijos,acc--brazos-fijos
VC672,OPCIONALES ,Base Aluminio,acc-opcionales-base-aluminio
VC672,,Cabecero ,acc--cabecero
VC685,,Blanco,acc--blanco
VC685,,Con Brazos,acc--con-brazos
vc686,,Blanco,acc--blanco
vc686,,Con Brazos,acc--con-brazos
VC687,Brazos,Con brazos,acc-brazos-con-brazos
VC688,,Blanco,acc--blanco
VC689,OPCIONAL,Cabecero de ecocuero o tela,acc-opcional-cabecero-de-ecocuero-o-tela
VC689,,Cabecero de Cuero natural ,acc--cabecero-de-cuero-natural
VC689,,Tapiz Cuero natural (consultar opción de colores),acc--tapiz-cuero-natural-consultar-opción-de-colores
VC690,,Blanco,acc--blanco
VC690,,Estructura cromada,acc--estructura-cromada
VC692,,Blanco,acc--blanco
VC701,Opcional,Base Cromada,acc-opcional-base-cromada
VC701,,Cabecero,acc--cabecero
VC704,,2 Cuerpos,acc--2-cuerpos
VC704,,3 Cuerpos,acc--3-cuerpos
VC708,Asiento tapizado,Cojín tapizado en tela Verona,acc-asiento-tapizado-cojín-tapizado-en-tela-verona
VC708,,Cojín tapizado en tela Nordic,acc--cojín-tapizado-en-tela-nordic
VC712,OPCIONALES,Cabecero,acc-opcionales-cabecero
VC725,,Kit Patines  (5 unidades),acc--kit-patines-5-unidades
VC725,,Aro Metálico negro,acc--aro-metálico-negro
VC725,,Estrella y Aro Cromado,acc--estrella-y-aro-cromado
VC727 ,,Cabecero negro ,acc--cabecero-negro
CV731,,3,acc--3
CV731,,4,acc--4
CV731,,5,acc--5
CV731,,6,acc--6
CV731,,Pata Luna Cromada ,acc--pata-luna-cromada
CV731,,Ecocuero Ecolife,acc--ecocuero-ecolife
CV733,,Blanco,acc--blanco
CV733,,Brazos,acc--brazos
CV733,,Paleta Universitaria ,acc--paleta-universitaria
CV734,,Blanco,acc--blanco
CV734,,Par de brazos,acc--par-de-brazos
CV734,,Paleta Universitaria,acc--paleta-universitaria
CV735,,Con Brazos,acc--con-brazos
CV735,,Paleta Universitaria ,acc--paleta-universitaria
CV735,,Rejilla universitaria ,acc--rejilla-universitaria
CV738,,Base Cromada,acc--base-cromada
CV740,COMPONENTES ADICIONALES,Cabecero ,acc-componentes-adicionales-cabecero
CV740,,Base Aluminio,acc--base-aluminio
CV742,Base ,Base Aluminio,acc-base-base-aluminio
CV747,,Con brazos pp,acc--con-brazos-pp
CV752,,Nordic,acc--nordic
CV753,,"1,3 mts ancho x 0,6 mts profundidad",acc--13-mts-ancho-x-06-mts-profundidad
CV753,,"1,4 mts Ancho x 0,6 mts Profundidad ",acc--14-mts-ancho-x-06-mts-profundidad
CV753,,"1,5  mts Ancho x 0,6 mts Profundidad ",acc--15-mts-ancho-x-06-mts-profundidad
CV753,,"1,6 mts Ancho x 0,7 mts Profundidad ",acc--16-mts-ancho-x-07-mts-profundidad
CV753,,"1,7 mts Ancho x 0,7 mts Profundidad ",acc--17-mts-ancho-x-07-mts-profundidad
CV753,Opcionales,Cajonera Móvil Laminada 3 con Cajones,acc-opcionales-cajonera-móvil-laminada-3-con-cajones
CV754,,"1,6 x 1,5 mts / 0,6x 0,5 mts Profundidad ",acc--16-x-15-mts-06x-05-mts-profundidad
CV754,,"1,7 x 1,6 mts / 0,7x 0,6 mts Profundidad ",acc--17-x-16-mts-07x-06-mts-profundidad
CV754,Opcionales,Cajonera Móvil Laminada 3 con Cajones,acc-opcionales-cajonera-móvil-laminada-3-con-cajones
CV755,,"1,3 mts ancho x 0,6 mts profundidad",acc--13-mts-ancho-x-06-mts-profundidad
CV755,,"1,4 mts Ancho x 0,6 mts Profundidad ",acc--14-mts-ancho-x-06-mts-profundidad
CV755,,"1,5  mts Ancho x 0,6 mts Profundidad ",acc--15-mts-ancho-x-06-mts-profundidad
CV755,,"1,6 mts Ancho x 0,7 mts Profundidad ",acc--16-mts-ancho-x-07-mts-profundidad
CV755,,"1,7 mts Ancho x 0,7 mts Profundidad ",acc--17-mts-ancho-x-07-mts-profundidad
CV755,Opcionales,Cajonera Móvil Laminada 3 con Cajones,acc-opcionales-cajonera-móvil-laminada-3-con-cajones
CV756,,"1,3 mts ancho x 0,6 mts profundidad",acc--13-mts-ancho-x-06-mts-profundidad
CV756,,"1,4 mts Ancho x 0,6 mts Profundidad ",acc--14-mts-ancho-x-06-mts-profundidad
CV756,,"1,5  mts Ancho x 0,6 mts Profundidad ",acc--15-mts-ancho-x-06-mts-profundidad
CV756,,"1,6 mts Ancho x 0,7 mts Profundidad ",acc--16-mts-ancho-x-07-mts-profundidad
CV756,,"1,7 mts Ancho x 0,7 mts Profundidad ",acc--17-mts-ancho-x-07-mts-profundidad
CV757,,70 cms de  Diámetro,acc--70-cms-de-diámetro
CV757,,80 cms de  Diámetro,acc--80-cms-de-diámetro
CV757,,90 cms de  Diámetro,acc--90-cms-de-diámetro
CV757,,100 cms de  Diámetro,acc--100-cms-de-diámetro
CV758,,"1,3 mts ancho x 0,6 mts profundidad",acc--13-mts-ancho-x-06-mts-profundidad
CV758,,"1,4 mts Ancho x 0,6 mts Profundidad ",acc--14-mts-ancho-x-06-mts-profundidad
CV758,,"1,5  mts Ancho x 0,6 mts Profundidad ",acc--15-mts-ancho-x-06-mts-profundidad
CV758,,"1,6 mts Ancho x 0,7 mts Profundidad ",acc--16-mts-ancho-x-07-mts-profundidad
CV758,,"1,7 mts Ancho x 0,7 mts Profundidad ",acc--17-mts-ancho-x-07-mts-profundidad
CV759,,3,acc--3
CV759,,4,acc--4
CV763,,Base Aluminio,acc--base-aluminio
CV763,,Base Aluminio + Piston 140 mm,acc--base-aluminio-piston-140-mm
CV765,,2 Brazos mas paleta,acc--2-brazos-mas-paleta
CV765,,Eco Clean,acc--eco-clean
CV774,,Blanco,acc--blanco
CV779,,Par de Brazos Negros,acc--par-de-brazos-negros
CV779,,Nordic,acc--nordic
CV781,,Par Brazos Iso,acc--par-brazos-iso
CV783,,Con cabecero,acc--con-cabecero
CV784,,60 CM,acc--60-cm
CV784,,100 CM,acc--100-cm
CV786,,Base estrella/ruedas,acc--base-estrellaruedas
CV787,Base ,Base Aluminio,acc-base-base-aluminio
CV788,,2 Cuerpos,acc--2-cuerpos
CV788,,3 Cuerpos,acc--3-cuerpos
CV790,,Base Cromada,acc--base-cromada
CV790,,Base Aluminio Pulido,acc--base-aluminio-pulido
CV790,Brazos,Brazo Regulable PP 2D,acc-brazos-brazo-regulable-pp-2d
CV790,,Brazo Regulable 3D PU,acc--brazo-regulable-3d-pu
CV790,Extras,Cabecero,acc-extras-cabecero
